Temporada,Jornada,Equipo,Equipo_Rival,Es_Local,Jugador_Fantasy,Jugador_SofaScore,Posicion,Puntos,Relevo,Nota_SofaScore,Minutos_jugados,Goles,Asistencias_de_gol,Asistencias_sin_gol,Balones_al_area,Tiros_a_puerta,Regates,Balones_recuperados,Despejes,Paradas,Goles_en_contra,Penaltis_provocados,Penaltis_cometidos,Penaltis_parados,Penaltis_fallados,Goles_en_propia_puerta,Amarillas,Rojas,Posesiones_perdidas
24-25,4,Barcelona,Real Valladolid,1,Ter Stegen,Marc-André Ter Stegen,G,9,2,7.0,90,0,0,0,0,0,0,8,0,1,0,0,0,0,0,0,0,0,1
24-25,4,Barcelona,Real Valladolid,1,Íñigo,Iñigo Martínez,D,9,3,7.2,90,0,0,0,0,0,0,5,3,0,0,0,0,0,0,0,0,0,11
24-25,4,Barcelona,Real Valladolid,1,Koundé,Jules Koundé,D,14,4,7.9,90,1,0,0,0,1,0,2,0,0,0,0,0,0,0,0,0,0,8
24-25,4,Barcelona,Real Valladolid,1,Balde,Alejandro Balde,D,8,2,7.2,90,0,0,0,0,0,0,3,0,0,0,0,0,0,0,0,0,0,5
24-25,4,Barcelona,Real Valladolid,1,Cubarsí,Pau Cubarsí,D,13,4,7.6,61,0,1,1,0,0,0,1,2,0,0,0,0,0,0,0,0,0,5
24-25,4,Barcelona,Real Valladolid,1,Pedri,Pedri,M,6,2,7.1,61,0,0,3,0,0,0,3,0,0,0,0,0,0,0,0,0,0,7
24-25,4,Barcelona,Real Valladolid,1,Casadó,Marc Casadó,M,5,1,6.6,61,0,0,0,0,0,0,4,0,0,0,0,0,0,0,0,0,0,1
24-25,4,Barcelona,Real Valladolid,1,Lewandowski,Robert Lewandowski,F,17,4,8.6,73,1,1,4,0,2,0,1,0,0,0,0,0,0,0,0,0,0,9
24-25,4,Barcelona,Real Valladolid,1,Olmo,Dani Olmo,M,19,4,8.2,83,1,0,1,0,2,0,5,0,0,0,0,0,0,0,0,0,0,10
24-25,4,Barcelona,Real Valladolid,1,Raphinha,Raphinha,F,26,4,10.0,90,3,1,3,4,5,0,2,0,0,0,0,0,0,0,0,0,0,15
24-25,4,Barcelona,Real Valladolid,1,Yamal,Lamine Yamal,F,15,4,8.5,90,0,2,4,0,0,0,1,0,0,0,0,0,0,0,0,0,0,15
24-25,4,Barcelona,Real Valladolid,1,Eric García,Eric García,D,2,1,6.8,29,0,0,0,0,0,0,1,1,0,0,0,0,0,0,0,0,0,2
24-25,4,Barcelona,Real Valladolid,1,Sergi Domínguez,Sergi Domínguez,D,2,1,6.7,29,0,0,0,0,0,0,2,1,0,0,0,0,0,0,0,0,0,2
24-25,4,Barcelona,Real Valladolid,1,Pablo Torre,Pablo Torre,M,2,1,6.5,9,0,0,0,0,0,0,1,0,0,0,0,0,0,0,0,0,0,0
24-25,4,Barcelona,Real Valladolid,1,Fermín,Fermín López,M,2,1,6.7,29,0,0,0,1,0,0,1,0,0,0,0,0,0,0,0,0,0,3
24-25,4,Barcelona,Real Valladolid,1,Ferran,Ferran Torres,F,13,4,8.3,17,1,1,1,0,1,0,0,0,0,0,0,0,0,0,0,0,0,1
24-25,4,Real Valladolid,Barcelona,0,Hein,Karl Hein,G,-1,0,6.0,90,0,0,0,0,0,0,11,1,4,0,0,0,0,0,0,0,0,14
24-25,4,Real Valladolid,Barcelona,0,Javi Sánchez,Javi Sánchez,D,-4,0,6.3,90,0,0,0,0,0,0,3,7,0,0,0,0,0,0,0,0,0,7
24-25,4,Real Valladolid,Barcelona,0,Luis Pérez,Luis Pérez,D,-4,0,5.6,90,0,0,0,0,0,0,1,3,0,0,0,0,0,0,0,0,0,9
24-25,4,Real Valladolid,Barcelona,0,Cömert,Eray Cömert,D,-2,0,5.6,90,0,0,0,0,0,0,2,7,0,0,0,0,0,0,0,0,0,6
24-25,4,Real Valladolid,Barcelona,0,Rosa,Lucas Rosa,D,-3,0,5.9,90,0,0,0,0,0,0,4,2,0,0,0,0,0,0,0,0,0,7
24-25,4,Real Valladolid,Barcelona,0,Iván Sánchez,Iván Sánchez,M,4,1,7.2,62,0,0,1,0,0,0,2,0,0,0,0,0,0,0,0,0,0,5
24-25,4,Real Valladolid,Barcelona,0,Kike Pérez,Kike Pérez,M,-2,0,6.1,88,0,0,0,0,0,0,1,2,0,0,0,0,0,0,0,0,0,7
24-25,4,Real Valladolid,Barcelona,0,Raul Moro,Raúl Moro,M,-1,0,5.8,88,0,0,1,0,1,0,3,0,0,0,0,0,0,0,0,0,0,8
24-25,4,Real Valladolid,Barcelona,0,Amallah,Selim Amallah,M,1,0,6.3,57,0,0,0,0,0,0,2,0,0,0,0,0,0,0,0,0,0,5
24-25,4,Real Valladolid,Barcelona,0,Juric,Stanko Jurić,M,1,0,6.0,90,0,0,0,0,0,0,4,3,0,0,0,0,0,0,0,0,0,3
24-25,4,Real Valladolid,Barcelona,0,Marcos André,Marcos André,F,0,0,6.5,56,0,0,0,0,0,0,2,1,0,0,0,0,0,0,0,0,0,4
24-25,4,Real Valladolid,Barcelona,0,Özkacar,Cenk Özkaçar,D,2,1,0.0,2,0,0,0,0,0,0,1,1,0,0,0,0,0,0,0,0,0,1
24-25,4,Real Valladolid,Barcelona,0,Meseguer,Víctor Meseguer,M,1,0,0.0,2,0,0,0,0,0,0,0,0,0,0,0,0,0,0,0,0,0,1
24-25,4,Real Valladolid,Barcelona,0,Chuki,Chuky,M,-1,0,6.2,33,0,0,0,0,0,0,1,0,0,0,0,0,0,0,0,0,0,2
24-25,4,Real Valladolid,Barcelona,0,Mario Martín,Mario Martín,M,-2,0,5.8,28,0,0,0,0,0,0,0,0,0,0,0,0,0,0,0,0,0,2
24-25,4,Real Valladolid,Barcelona,0,Latasa,Juanmi Latasa,F,-1,0,6.3,34,0,0,0,0,0,0,0,0,0,0,0,0,0,0,0,0,0,6
24-25,4,Athletic Club,Atlético Madrid,1,Agirrezabala,Julen Agirrezabala,G,4,1,6.6,90,0,0,0,0,0,0,8,0,1,0,0,0,0,0,0,0,0,4
24-25,4,Athletic Club,Atlético Madrid,1,Yuri,Yuri Berchiche,D,4,2,7.2,90,0,0,0,0,0,0,7,1,0,0,0,0,0,0,0,0,0,8
24-25,4,Athletic Club,Atlético Madrid,1,Yeray,Yeray Álvarez,D,2,1,6.3,90,0,0,0,0,0,0,4,1,0,0,0,0,0,0,0,0,0,8
24-25,4,Athletic Club,Atlético Madrid,1,Lekue,Íñigo Lekue,D,4,2,6.3,90,0,0,1,0,0,0,5,2,0,0,0,0,0,0,0,0,0,15
24-25,4,Athletic Club,Atlético Madrid,1,Vivian,Daniel Vivian,D,4,1,6.7,90,0,0,0,0,0,0,4,3,0,0,0,0,0,0,0,0,0,11
24-25,4,Athletic Club,Atlético Madrid,1,Herrera,Ander Herrera,M,5,1,6.8,64,0,0,0,0,0,0,2,1,0,0,0,0,0,0,0,0,0,5
24-25,4,Athletic Club,Atlético Madrid,1,Sancet,Oihan Sancet,M,5,2,6.8,81,0,0,1,0,1,0,5,0,0,0,0,0,0,0,0,0,0,15
24-25,4,Athletic Club,Atlético Madrid,1,Prados,Beñat Prados,M,5,1,6.6,64,0,0,0,0,0,0,2,0,0,0,0,0,0,0,0,0,0,7
24-25,4,Athletic Club,Atlético Madrid,1,N. Williams,Nico Williams,M,1,1,5.8,90,0,0,0,1,0,0,1,0,0,0,0,0,0,0,0,0,0,17
24-25,4,Athletic Club,Atlético Madrid,1,I. Williams,Iñaki Williams,M,5,1,6.7,71,0,0,0,0,0,0,0,1,0,0,0,0,0,0,0,0,0,23
24-25,4,Athletic Club,Atlético Madrid,1,Guruzeta,Gorka Guruzeta,F,4,1,6.8,64,0,0,0,0,0,0,3,0,0,0,0,0,0,0,0,0,0,8
24-25,4,Athletic Club,Atlético Madrid,1,Berenguer,Álex Berenguer,F,3,2,6.6,19,0,0,0,0,0,0,4,0,0,0,0,0,0,0,0,0,0,9
24-25,4,Athletic Club,Atlético Madrid,1,Vesga,Mikel Vesga,M,2,1,6.5,26,0,0,0,0,0,0,2,0,0,0,0,0,0,0,0,0,0,6
24-25,4,Athletic Club,Atlético Madrid,1,Unai Gómez,Unai Gómez,M,3,1,6.8,9,0,0,0,0,0,0,0,0,0,0,0,0,0,0,0,0,0,1
24-25,4,Athletic Club,Atlético Madrid,1,Jauregizar,Mikel Jauregizar,M,2,1,6.7,26,0,0,0,0,0,0,2,0,0,0,0,0,0,0,0,0,0,2
24-25,4,Athletic Club,Atlético Madrid,1,Djaló,Álvaro Djaló,F,1,0,6.5,26,0,0,0,0,0,0,1,0,0,0,0,0,0,0,0,0,0,6
24-25,4,Atlético Madrid,Athletic Club,0,Musso,Juan Musso,G,10,3,7.1,90,0,0,0,0,0,0,6,0,1,0,0,0,0,0,0,0,0,6
24-25,4,Atlético Madrid,Athletic Club,0,Giménez,José María Giménez,D,10,3,7.8,90,0,0,0,0,0,0,2,7,0,0,0,0,0,0,0,0,0,1
24-25,4,Atlético Madrid,Athletic Club,0,Le Normand,Robin Le Normand,D,7,2,7.0,90,0,0,0,0,0,0,4,3,0,0,0,0,0,0,0,0,0,8
24-25,4,Atlético Madrid,Athletic Club,0,Reinildo,Reinildo Mandava,D,6,2,7.0,90,0,0,1,0,0,0,3,2,0,0,0,0,0,0,0,0,0,12
24-25,4,Atlético Madrid,Athletic Club,0,Koke,Koke,M,5,1,6.7,88,0,0,0,0,0,0,4,1,0,0,0,0,0,0,0,0,0,8
24-25,4,Atlético Madrid,Athletic Club,0,M. Llorente,Marcos Llorente,M,9,3,7.3,90,0,0,1,0,0,0,6,6,0,0,0,0,0,0,0,0,0,14
24-25,4,Atlético Madrid,Athletic Club,0,Gallagher,Conor Gallagher,F,6,1,6.9,70,0,0,0,0,0,0,5,0,0,0,0,0,0,0,0,0,0,10
24-25,4,Atlético Madrid,Athletic Club,0,Barrios,Pablo Barrios,M,6,2,6.7,90,0,0,0,0,0,0,6,1,0,0,0,0,0,0,0,0,0,13
24-25,4,Atlético Madrid,Athletic Club,0,Samuel Lino,Samuel Lino,M,7,2,7.0,70,0,0,1,0,0,0,6,1,0,0,0,0,0,0,0,0,0,6
24-25,4,Atlético Madrid,Athletic Club,0,Griezmann,Antoine Griezmann,F,5,3,7.3,83,0,0,3,1,0,0,2,2,0,0,0,0,0,0,0,0,0,15
24-25,4,Atlético Madrid,Athletic Club,0,Alvarez,Julián Alvarez,F,4,1,6.6,70,0,0,0,0,0,0,2,0,0,0,0,0,0,0,0,0,0,7
24-25,4,Atlético Madrid,Athletic Club,0,De Paul,Rodrigo de Paul,M,3,1,6.5,20,0,0,1,2,0,0,1,1,0,0,0,0,0,0,0,0,0,3
24-25,4,Atlético Madrid,Athletic Club,0,Riquelme,Rodrigo Riquelme,M,2,1,6.6,20,0,0,0,0,0,0,1,0,0,0,0,0,0,0,0,0,0,7
24-25,4,Atlético Madrid,Athletic Club,0,Giuliano,Giuliano Simeone,F,3,1,6.7,13,0,0,0,0,0,0,0,0,0,0,0,0,0,0,0,0,0,2
24-25,4,Atlético Madrid,Athletic Club,0,Correa,Ángel Correa,F,8,3,7.4,9,1,0,0,0,1,0,2,0,0,0,0,0,0,0,0,0,0,1
24-25,4,Atlético Madrid,Athletic Club,0,Sörloth,Alexander Sørloth,F,8,3,7.0,20,0,1,1,0,1,0,2,0,0,0,0,0,0,0,0,0,0,6
24-25,4,Espanyol,Rayo Vallecano,1,Joan Garcia,Joan García,G,9,3,7.5,90,0,0,0,0,0,0,12,2,4,0,0,0,0,0,0,0,0,3
24-25,4,Espanyol,Rayo Vallecano,1,Calero,Fernando Calero,D,5,2,7.0,89,0,0,0,0,0,0,2,3,0,0,0,0,0,0,0,0,0,13
24-25,4,Espanyol,Rayo Vallecano,1,Oliván,Brian Oliván,D,2,1,6.8,45,0,0,0,0,0,0,1,1,0,0,0,0,0,0,0,0,0,7
24-25,4,Espanyol,Rayo Vallecano,1,Kumbulla,Marash Kumbulla,D,5,2,7.2,90,0,0,0,0,0,0,0,8,0,0,0,0,0,0,0,0,0,6
24-25,4,Espanyol,Rayo Vallecano,1,El Hilali,Omar El Hilali,D,3,1,6.6,90,0,0,0,0,0,0,3,5,0,0,0,0,0,0,0,0,0,12
24-25,4,Espanyol,Rayo Vallecano,1,Romero,Carlos Romero,M,14,4,7.9,90,1,0,4,2,1,0,7,3,0,0,0,0,0,0,0,0,0,14
24-25,4,Espanyol,Rayo Vallecano,1,Gragera,José Gragera,M,1,0,6.6,45,0,0,0,0,0,0,1,1,0,0,0,0,0,0,0,0,0,4
24-25,4,Espanyol,Rayo Vallecano,1,Kral,Alex Král,M,4,1,6.7,90,0,0,0,0,0,0,5,1,0,0,0,0,0,0,0,0,0,11
24-25,4,Espanyol,Rayo Vallecano,1,Jofre,Jofre Carreras,M,8,3,6.6,65,0,1,1,0,0,0,2,1,0,0,0,0,0,0,0,0,0,11
24-25,4,Espanyol,Rayo Vallecano,1,Puado,Javi Puado,F,1,0,6.3,71,0,0,0,0,0,0,3,0,0,0,0,0,0,0,0,0,0,13
24-25,4,Espanyol,Rayo Vallecano,1,Véliz,Alejo Véliz,F,7,3,7.5,90,1,0,0,0,1,0,2,2,0,0,0,0,0,0,0,0,0,12
24-25,4,Espanyol,Rayo Vallecano,1,Sergi Gómez,Sergi Gómez,D,2,1,6.6,10,0,0,0,0,0,0,0,1,0,0,0,0,0,0,0,0,0,0
24-25,4,Espanyol,Rayo Vallecano,1,Tejero,Álvaro Tejero,D,1,0,6.4,25,0,0,1,1,0,0,0,1,0,0,0,0,0,0,0,0,0,6
24-25,4,Espanyol,Rayo Vallecano,1,Aguado,Álvaro Aguado,M,3,1,6.6,45,0,0,1,1,0,0,5,3,0,0,0,0,0,0,0,0,0,7
24-25,4,Espanyol,Rayo Vallecano,1,Cardona,Irvin Cardona,F,4,2,7.0,45,0,0,1,0,1,0,2,2,0,0,0,0,0,0,0,0,0,7
24-25,4,Espanyol,Rayo Vallecano,1,Cheddira,Walid Cheddira,F,8,3,7.3,19,0,1,2,0,0,0,1,1,0,0,0,0,0,0,0,0,0,2
24-25,4,Rayo Vallecano,Espanyol,0,Cárdenas,Dani Cárdenas,G,2,1,6.3,90,0,0,0,0,0,0,6,2,1,0,0,0,0,0,0,0,0,5
24-25,4,Rayo Vallecano,Espanyol,0,Lejeune,Florian Lejeune,D,3,2,7.3,90,0,0,0,0,2,0,5,1,0,0,0,0,0,0,0,0,0,13
24-25,4,Rayo Vallecano,Espanyol,0,Ratiu,Andrei Rațiu,D,0,1,6.6,90,0,0,1,0,0,0,3,2,0,0,0,0,0,0,0,0,0,11
24-25,4,Rayo Vallecano,Espanyol,0,Espino,Alfonso Espino,D,1,0,6.4,35,0,0,0,0,0,0,1,0,0,0,0,0,0,0,0,0,0,4
24-25,4,Rayo Vallecano,Espanyol,0,Mumin,Abdul Mumin,D,-1,0,6.5,90,0,0,0,0,0,0,7,0,0,0,0,0,0,0,0,0,0,7
24-25,4,Rayo Vallecano,Espanyol,0,Álvaro García,Álvaro García,M,9,3,7.6,72,1,0,0,2,1,0,2,1,0,0,0,0,0,0,0,0,0,13
24-25,4,Rayo Vallecano,Espanyol,0,Embarba,Adrián Embarba,F,11,4,7.5,90,0,1,4,3,0,0,4,0,0,0,0,0,0,0,0,0,0,23
24-25,4,Rayo Vallecano,Espanyol,0,Unai López,Unai López,M,5,2,7.1,73,0,0,0,0,1,0,3,0,0,0,0,0,0,0,0,0,0,7
24-25,4,Rayo Vallecano,Espanyol,0,De Frutos,Jorge de Frutos,M,3,1,6.7,63,0,0,2,1,0,0,4,1,0,0,0,0,0,0,0,0,0,9
24-25,4,Rayo Vallecano,Espanyol,0,Valentín,Óscar Valentín,M,4,2,6.9,90,0,0,0,0,0,0,5,3,0,0,0,0,0,0,0,0,0,10
24-25,4,Rayo Vallecano,Espanyol,0,Camello,Sergio Camello,F,2,0,6.4,62,0,0,0,0,0,0,0,1,0,0,0,0,0,0,0,0,0,4
24-25,4,Rayo Vallecano,Espanyol,0,Balliu,Iván Balliu,D,1,0,6.5,28,0,0,0,0,0,0,2,0,0,0,0,0,0,0,0,0,0,6
24-25,4,Rayo Vallecano,Espanyol,0,Pep Chavarría,Josep Chavarría,D,2,1,6.6,55,0,0,0,1,0,0,2,0,0,0,0,0,0,0,0,0,0,6
24-25,4,Rayo Vallecano,Espanyol,0,Isi,Isi Palazón,M,4,2,6.9,27,0,0,1,0,0,0,1,0,0,0,0,0,0,0,0,0,0,4
24-25,4,Rayo Vallecano,Espanyol,0,Pathé Ciss,Pathé Ismaël Ciss,M,2,1,6.6,17,0,0,0,0,0,0,2,0,0,0,0,0,0,0,0,0,0,4
24-25,4,Rayo Vallecano,Espanyol,0,Nteka,Randy Nteka,M,2,1,6.7,18,0,0,0,0,1,0,0,0,0,0,0,0,0,0,0,0,0,3
24-25,4,Leganés,Mallorca,1,Soriano,Juan Soriano,G,5,2,6.8,90,0,0,0,0,0,0,5,2,2,0,0,0,0,0,0,0,0,11
24-25,4,Leganés,Mallorca,1,Jorge Sáenz,Jorge Sáenz,D,6,2,6.9,90,0,0,0,0,0,0,7,7,0,0,0,0,0,0,0,0,0,9
24-25,4,Leganés,Mallorca,1,Sergio,Sergio González,D,6,2,7.2,90,0,0,1,0,0,0,3,4,0,0,0,0,0,0,0,0,0,6
24-25,4,Leganés,Mallorca,1,Javi Hernández,Javier Hernández,D,4,2,6.8,67,0,0,1,1,0,0,3,0,0,0,0,0,0,0,0,0,0,9
24-25,4,Leganés,Mallorca,1,Altimira,Adrià Altimira,D,4,2,6.8,57,0,0,0,0,0,0,7,2,0,0,0,0,0,0,0,0,0,8
24-25,4,Leganés,Mallorca,1,Brasanac,Darko Brašanac,M,4,2,7.2,90,0,0,1,1,0,0,2,2,0,0,0,0,0,0,0,0,0,12
24-25,4,Leganés,Mallorca,1,Óscar,Óscar Rodríguez,M,2,1,6.7,57,0,0,0,0,0,0,2,0,0,0,0,0,0,0,0,0,0,6
24-25,4,Leganés,Mallorca,1,Tapia,Renato Tapia,M,2,1,6.8,45,0,0,0,0,0,0,2,1,0,0,0,0,0,0,0,0,0,5
24-25,4,Leganés,Mallorca,1,Munir,Munir El Haddadi,M,1,0,6.3,45,0,0,0,0,0,0,0,0,0,0,0,0,0,0,0,0,0,0
24-25,4,Leganés,Mallorca,1,Raba,Dani Raba,M,3,2,6.5,45,0,0,1,1,0,0,4,0,0,0,0,0,0,0,0,0,0,9
24-25,4,Leganés,Mallorca,1,Diego García,Diego García,F,3,1,6.9,90,0,0,1,0,1,0,0,0,0,0,0,0,0,0,0,0,0,11
24-25,4,Leganés,Mallorca,1,Franquesa,Enric Franquesa,D,5,2,6.9,45,0,0,0,0,0,0,2,3,0,0,0,0,0,0,0,0,0,6
24-25,4,Leganés,Mallorca,1,Rosier,Valentin Rosier,D,3,2,6.8,33,0,0,0,0,0,0,2,2,0,0,0,0,0,0,0,0,0,5
24-25,4,Leganés,Mallorca,1,Cisse,Seydouba Cisse,M,5,3,7.2,33,0,0,1,0,0,0,2,0,0,0,0,0,0,0,0,0,0,4
24-25,4,Leganés,Mallorca,1,Neyou,Yvan Neyou,M,3,2,7.1,45,0,0,1,0,0,0,0,0,0,0,0,0,0,0,0,0,0,7
24-25,4,Leganés,Mallorca,1,Juan Cruz,Juan Cruz,M,3,2,7.1,45,0,0,0,0,1,0,0,0,0,0,0,0,0,0,0,0,0,12
24-25,4,Leganés,Mallorca,1,Miguel,Miguel de la Fuente,F,2,1,6.5,23,0,0,0,0,0,0,0,0,0,0,0,0,0,0,0,0,0,5
24-25,4,Mallorca,Leganés,0,Greif,Dominik Greif,G,10,3,7.1,90,0,0,0,0,0,0,6,0,2,0,0,0,0,0,0,0,0,9
24-25,4,Mallorca,Leganés,0,Raíllo,Antonio Raíllo,D,9,3,7.4,90,0,0,0,0,0,0,1,7,0,0,0,0,0,0,0,0,0,8
24-25,4,Mallorca,Leganés,0,Maffeo,Pablo Maffeo,D,2,1,6.7,33,0,0,1,1,0,0,0,2,0,0,0,0,0,0,0,0,0,4
24-25,4,Mallorca,Leganés,0,Lato,Toni Lato,D,8,3,6.9,72,0,0,2,3,0,0,2,2,0,0,0,0,0,0,0,0,0,14
24-25,4,Mallorca,Leganés,0,Valjent,Martin Valjent,D,7,2,6.9,90,0,0,0,0,0,0,0,6,0,0,0,0,0,0,0,0,0,8
24-25,4,Mallorca,Leganés,0,Morlanes,Manu Morlanes,M,6,2,6.7,84,0,0,0,0,0,0,4,2,0,0,0,0,0,0,0,0,0,5
24-25,4,Mallorca,Leganés,0,Dani Rodríguez,Dani Rodríguez,M,13,4,8.0,84,1,0,1,3,1,0,4,0,0,0,0,0,0,0,0,0,0,14
24-25,4,Mallorca,Leganés,0,Samú,Samú Costa,M,8,3,7.2,90,0,0,0,0,0,0,4,3,0,0,0,0,0,0,0,0,0,12
24-25,4,Mallorca,Leganés,0,Asano,Takuma Asano,M,6,2,6.8,72,0,0,0,0,1,0,3,0,0,0,0,0,0,0,0,0,0,9
24-25,4,Mallorca,Leganés,0,Muriqi,Vedat Muriqi,F,12,4,7.4,90,0,1,3,0,0,0,5,3,0,0,0,0,0,0,0,0,0,17
24-25,4,Mallorca,Leganés,0,Doménech,Marc Domenech,M,0,0,6.6,62,0,0,1,1,0,0,2,0,0,0,0,0,0,0,0,0,0,10
24-25,4,Mallorca,Leganés,0,Mojica,Johan Mojica,D,2,1,6.7,18,0,0,1,1,0,0,0,1,0,0,0,0,0,0,0,0,0,1
24-25,4,Mallorca,Leganés,0,Copete,José Copete,D,2,1,6.8,10,0,0,0,0,1,0,1,2,0,0,0,0,0,0,0,0,0,0
24-25,4,Mallorca,Leganés,0,Mascarell,Omar Mascarell,M,0,0,6.6,10,0,0,0,0,0,0,1,2,0,0,0,0,0,0,0,0,0,0
24-25,4,Mallorca,Leganés,0,Darder,Sergi Darder,M,2,1,6.6,18,0,0,0,0,0,0,0,0,0,0,0,0,0,0,0,0,0,4
24-25,4,Mallorca,Leganés,0,Antonio,Antonio Sánchez,M,2,1,6.7,57,0,0,1,1,0,0,3,0,0,0,0,0,0,0,0,0,0,5
24-25,4,Mallorca,Leganés,0,Navarro,Robert Navarro,M,0,0,6.2,28,0,0,0,0,0,0,1,0,0,0,0,0,0,0,0,0,0,4
24-25,4,Valencia,Villarreal,1,Mamardashvili,Giorgi Mamardashvili,G,5,2,6.5,90,0,0,0,0,0,0,6,1,1,0,0,0,0,0,0,0,0,4
24-25,4,Valencia,Villarreal,1,Thierry,Thierry Correia,D,5,3,7.1,90,0,0,3,2,0,0,4,1,0,0,0,0,0,0,0,0,0,13
24-25,4,Valencia,Villarreal,1,Jesús Vázquez,Jesús Vázquez,D,3,1,6.8,69,0,0,1,1,0,0,3,1,0,0,0,0,0,0,0,0,0,13
24-25,4,Valencia,Villarreal,1,Mosquera,Cristhian Mosquera,D,6,2,7.3,90,0,0,0,0,0,0,7,3,0,0,0,0,0,0,0,0,0,1
24-25,4,Valencia,Villarreal,1,Tárrega,César Tárrega,D,4,1,6.7,90,0,0,0,0,0,0,3,2,0,0,0,0,0,0,0,0,0,5
24-25,4,Valencia,Villarreal,1,Pepelu,Pepelu,M,3,2,8.0,90,0,0,2,1,1,0,3,0,0,0,0,0,0,0,0,0,0,19
24-25,4,Valencia,Villarreal,1,Guillamón,Hugo Guillamón,M,1,0,6.6,69,0,0,0,0,0,0,1,1,0,0,0,0,0,0,0,0,0,8
24-25,4,Valencia,Villarreal,1,Rioja,Luis Rioja,M,2,1,6.6,82,0,0,1,1,0,0,3,0,0,0,0,0,0,0,0,0,0,17
24-25,4,Valencia,Villarreal,1,Almeida,André Almeida,F,5,2,7.0,82,0,0,1,2,0,0,4,1,0,0,0,0,0,0,0,0,0,9
24-25,4,Valencia,Villarreal,1,Duro,Hugo Duro,F,10,3,7.6,90,1,0,1,0,2,0,4,0,0,0,0,0,0,0,0,0,0,4
24-25,4,Valencia,Villarreal,1,Diego López,Diego López,M,3,2,6.5,90,0,0,1,0,0,0,4,0,0,0,0,0,0,0,0,0,0,18
24-25,4,Valencia,Villarreal,1,Foulquier,Dimitri Foulquier,D,3,2,6.9,21,0,0,0,0,0,0,1,0,0,0,0,0,0,0,0,0,0,7
24-25,4,Valencia,Villarreal,1,Canós,Sergi Canós,M,3,1,7.4,8,0,0,1,0,2,0,0,0,0,0,0,0,0,0,0,0,0,4
24-25,4,Valencia,Villarreal,1,Javi Guerra,Javier Guerra,M,2,1,6.7,8,0,0,1,0,0,0,0,0,0,0,0,0,0,0,0,0,0,0
24-25,4,Valencia,Villarreal,1,Rafa Mir,Rafa Mir,F,2,1,6.6,21,0,0,0,0,0,0,0,0,0,0,0,0,0,0,0,0,0,0
24-25,4,Villarreal,Valencia,0,Conde,Diego Conde,G,7,3,7.3,90,0,0,0,0,0,0,6,2,4,0,0,0,0,0,0,0,0,9
24-25,4,Villarreal,Valencia,0,Albiol,Raúl Albiol,D,4,1,7.1,90,0,0,0,0,0,0,1,9,0,0,0,0,0,0,0,0,0,10
24-25,4,Villarreal,Valencia,0,Femenia,Kiko Femenía,D,1,1,6.9,90,0,0,1,1,0,0,2,1,0,0,0,0,0,0,0,0,0,8
24-25,4,Villarreal,Valencia,0,S. Cardona,Sergi Cardona,D,6,2,7.1,90,0,0,1,0,0,0,7,4,0,0,0,0,0,0,0,0,0,6
24-25,4,Villarreal,Valencia,0,Costa,Logan Costa,D,5,1,6.8,90,0,0,0,0,0,0,2,8,0,0,0,0,0,0,0,0,0,7
24-25,4,Villarreal,Valencia,0,Parejo,Dani Parejo,M,4,2,6.8,45,0,0,0,1,0,0,3,3,0,0,0,0,0,0,0,0,0,5
24-25,4,Villarreal,Valencia,0,Comesaña,Santi Comesaña,M,9,3,6.7,90,0,1,1,0,0,0,5,1,0,0,0,0,0,0,0,0,0,6
24-25,4,Villarreal,Valencia,0,P. Gueye,Pape Gueye,M,1,0,6.2,68,0,0,0,0,0,0,4,4,0,0,0,0,0,0,0,0,0,4
24-25,4,Villarreal,Valencia,0,Yéremi,Yéremy Pino,M,1,1,6.7,69,0,0,2,1,0,0,4,1,0,0,0,0,0,0,0,0,0,14
24-25,4,Villarreal,Valencia,0,Ayoze,Ayoze Pérez,F,11,4,7.8,77,1,0,0,1,1,0,3,2,0,0,0,0,0,0,0,0,0,9
24-25,4,Villarreal,Valencia,0,Barry,Thierno Barry,F,1,0,6.5,90,0,0,1,0,1,0,1,1,0,0,0,0,0,0,0,0,0,12
24-25,4,Villarreal,Valencia,0,Bernat,Juan Bernat,D,0,0,6.5,13,0,0,0,0,0,0,1,0,0,0,0,0,0,0,0,0,0,1
24-25,4,Villarreal,Valencia,0,Terrats,Ramón Terrats,M,2,1,6.5,21,0,0,0,0,0,0,3,2,0,0,0,0,0,0,0,0,0,7
24-25,4,Villarreal,Valencia,0,Akhomach,Ilias Akhomach,F,6,2,7.3,45,0,0,1,0,0,0,2,3,0,0,0,0,0,0,0,0,0,8
24-25,4,Deportivo Alavés,Las Palmas,1,Sivera,Antonio Sivera,G,13,4,8.4,90,0,0,0,0,0,0,10,1,6,0,0,0,0,0,0,0,0,17
24-25,4,Deportivo Alavés,Las Palmas,1,Abqar,Abdelkabir Abqar,D,8,2,6.8,90,0,0,0,0,0,0,4,7,0,0,0,0,0,0,0,0,0,9
24-25,4,Deportivo Alavés,Las Palmas,1,Manu Sánchez,Manuel Sánchez,D,6,2,7.1,90,0,0,1,0,0,0,2,2,0,0,0,0,0,0,0,0,0,8
24-25,4,Deportivo Alavés,Las Palmas,1,Sedlar,Aleksandar Sedlar,D,6,2,7.1,90,0,0,0,0,0,0,1,0,0,0,0,0,0,0,0,0,0,8
24-25,4,Deportivo Alavés,Las Palmas,1,Tenaglia,Nahuel Tenaglia,D,8,2,7.4,90,0,0,0,0,0,0,2,4,0,0,0,0,0,0,0,0,0,11
24-25,4,Deportivo Alavés,Las Palmas,1,Guridi,Jon Guridi,M,5,1,6.8,82,0,0,0,0,0,0,4,0,0,0,0,0,0,0,0,0,0,3
24-25,4,Deportivo Alavés,Las Palmas,1,Blanco,Antonio Blanco,M,7,2,7.0,90,0,0,1,0,0,0,2,1,0,0,0,0,0,0,0,0,0,9
24-25,4,Deportivo Alavés,Las Palmas,1,Carlos Vicente,Carlos Vicente,M,14,4,8.0,82,1,0,5,4,2,0,1,1,0,0,0,0,0,0,0,0,0,12
24-25,4,Deportivo Alavés,Las Palmas,1,Conechny,Tomás Conechny,M,5,1,7.1,64,0,0,1,3,2,0,2,0,0,0,0,0,0,0,0,0,0,7
24-25,4,Deportivo Alavés,Las Palmas,1,Kike García,Kike García,F,4,1,6.8,64,0,0,1,0,0,0,1,1,0,0,0,0,0,0,0,0,0,5
24-25,4,Deportivo Alavés,Las Palmas,1,Stoichkov,Stoichkov,F,11,3,7.1,70,0,1,1,1,0,0,1,0,0,0,0,0,0,0,0,0,0,9
24-25,4,Deportivo Alavés,Las Palmas,1,Novoa,Hugo Novoa,F,2,1,6.6,8,0,0,0,0,0,0,0,1,0,0,0,0,0,0,0,0,0,1
24-25,4,Deportivo Alavés,Las Palmas,1,Guevara,Ander Guevara,M,1,0,6.3,20,0,0,0,0,0,0,0,0,0,0,0,0,0,0,0,0,0,2
24-25,4,Deportivo Alavés,Las Palmas,1,Romero,Luka Romero,F,2,1,6.6,8,0,0,0,0,0,0,1,0,0,0,1,0,0,1,0,0,0,2
24-25,4,Deportivo Alavés,Las Palmas,1,Toni Martinez,Toni Martínez,F,7,2,7.4,26,1,0,0,0,1,0,1,1,0,0,0,0,0,0,0,0,0,3
24-25,4,Deportivo Alavés,Las Palmas,1,Carlos Martín,Carlos Martín,F,2,1,6.5,26,0,0,0,0,0,0,1,2,0,0,0,0,0,0,0,0,0,2
24-25,4,Las Palmas,Deportivo Alavés,0,Cillessen,Jasper Cillessen,G,3,1,6.8,90,0,0,0,0,0,0,7,0,3,0,0,0,0,0,0,0,0,1
24-25,4,Las Palmas,Deportivo Alavés,0,Alex Suárez,Alex Suárez,D,1,1,7.0,90,0,0,0,0,0,0,4,3,0,0,0,0,0,0,0,0,0,11
24-25,4,Las Palmas,Deportivo Alavés,0,Viti Rozada,Viti Rozada,D,2,1,6.6,58,0,0,1,0,0,0,0,0,0,0,0,0,0,0,0,0,0,9
24-25,4,Las Palmas,Deportivo Alavés,0,McKenna,Scott McKenna,D,2,1,6.6,90,0,0,0,0,0,0,6,4,0,0,0,0,0,0,0,0,0,10
24-25,4,Las Palmas,Deportivo Alavés,0,Mármol,Mika Mármol,D,2,1,6.6,90,0,0,3,1,0,0,0,5,0,0,0,0,0,0,0,0,0,11
24-25,4,Las Palmas,Deportivo Alavés,0,Campaña,José Campaña,M,7,3,7.2,64,0,0,1,1,0,0,4,2,0,0,0,0,0,0,0,0,0,8
24-25,4,Las Palmas,Deportivo Alavés,0,Javi Muñoz,Javier Muñoz,M,3,2,7.2,90,0,0,2,1,1,0,3,2,0,0,0,0,0,0,0,0,0,13
24-25,4,Las Palmas,Deportivo Alavés,0,Kirian,Kirian Rodríguez,M,4,2,6.6,77,0,0,0,0,1,0,5,0,0,0,0,0,0,0,0,0,0,13
24-25,4,Las Palmas,Deportivo Alavés,0,Fuster,Manuel Fuster,M,2,1,6.6,45,0,0,0,0,0,0,0,0,0,0,0,0,0,0,0,0,0,5
24-25,4,Las Palmas,Deportivo Alavés,0,McBurnie,Oliver McBurnie,F,2,2,6.9,90,0,0,2,0,0,0,0,2,0,0,0,0,0,0,0,0,0,13
24-25,4,Las Palmas,Deportivo Alavés,0,Mata,Jaime Mata,M,2,1,6.4,58,0,0,0,0,1,0,3,0,0,0,0,0,0,0,0,0,0,7
24-25,4,Las Palmas,Deportivo Alavés,0,Loiodice,Enzo Loiodice,M,2,1,6.7,26,0,0,0,0,0,0,1,0,0,0,0,0,0,0,0,0,0,5
24-25,4,Las Palmas,Deportivo Alavés,0,Marvin,Marvin Park,D,0,1,6.0,32,0,0,0,0,0,0,1,0,0,0,0,1,0,0,0,0,0,5
24-25,4,Las Palmas,Deportivo Alavés,0,Moleiro,Alberto Moleiro,M,5,2,7.3,45,0,0,1,0,3,0,0,0,0,0,0,0,0,0,0,0,0,7
24-25,4,Las Palmas,Deportivo Alavés,0,Sandro,Sandro Ramírez,F,2,1,6.7,32,0,0,0,0,0,0,1,0,0,0,0,0,0,0,0,0,0,5
24-25,4,Las Palmas,Deportivo Alavés,0,M. Cardona,Marc Cardona,F,2,1,6.6,13,0,0,0,0,0,0,0,0,0,0,0,0,0,0,0,0,0,1
24-25,4,Osasuna,Celta Vigo,1,Herrera,Sergio Herrera,G,3,2,6.8,90,0,0,0,0,0,0,5,2,3,0,0,0,0,0,0,0,0,10
24-25,4,Osasuna,Celta Vigo,1,Catena,Alejandro Catena,D,1,1,6.9,90,0,0,0,0,0,0,0,2,0,0,0,0,0,0,0,0,0,6
24-25,4,Osasuna,Celta Vigo,1,Areso,Jesús Areso,D,2,2,7.0,90,0,0,0,1,0,0,7,1,0,0,0,0,0,0,0,0,0,15
24-25,4,Osasuna,Celta Vigo,1,Boyomo,Flavien Boyomo,D,11,3,7.4,90,1,0,0,0,1,0,6,3,0,0,0,0,0,0,0,0,0,4
24-25,4,Osasuna,Celta Vigo,1,Bretones,Abel Bretones,D,8,3,7.3,90,1,0,0,0,1,0,3,0,0,0,0,0,0,0,0,0,0,11
24-25,4,Osasuna,Celta Vigo,1,Rubén G.,Rubén García,M,3,2,7.3,77,0,0,1,1,1,0,4,0,0,0,0,0,0,0,0,0,0,11
24-25,4,Osasuna,Celta Vigo,1,Torró,Lucas Torró,M,3,2,7.0,90,0,0,1,0,0,0,4,5,0,0,0,0,0,0,0,0,0,13
24-25,4,Osasuna,Celta Vigo,1,Oroz,Aimar Oroz,M,5,2,7.2,88,0,0,1,0,0,0,5,0,0,0,0,0,0,0,0,0,0,2
24-25,4,Osasuna,Celta Vigo,1,Moncayola,Jon Moncayola,M,3,2,7.0,88,0,0,2,1,0,0,3,1,0,0,0,0,0,0,0,0,0,10
24-25,4,Osasuna,Celta Vigo,1,Bryan,Bryan Zaragoza,M,9,4,7.3,63,0,1,2,1,0,0,1,0,0,0,0,0,0,0,0,0,0,12
24-25,4,Osasuna,Celta Vigo,1,Budimir,Ante Budimir,F,9,3,7.3,77,0,1,1,0,0,0,3,0,0,0,0,0,0,0,0,0,0,9
24-25,4,Osasuna,Celta Vigo,1,Rubén Peña,Rubén Peña,D,1,0,6.2,27,0,0,0,0,0,0,1,0,0,0,0,0,0,0,0,0,0,5
24-25,4,Osasuna,Celta Vigo,1,Moi Gómez,Moi Gómez,M,-1,0,3.6,8,0,0,0,0,0,0,0,0,0,0,0,0,0,0,1,0,0,1
24-25,4,Osasuna,Celta Vigo,1,Benito,Iker Benito,F,2,1,6.5,13,0,0,0,0,0,0,1,1,0,0,0,0,0,0,0,0,0,0
24-25,4,Osasuna,Celta Vigo,1,Ibáñez,Pablo Ibáñez,M,1,0,6.6,8,0,0,0,0,0,0,0,1,0,0,0,0,0,0,0,0,0,0
24-25,4,Osasuna,Celta Vigo,1,Raúl García,Raúl García de Haro,F,1,0,6.4,13,0,0,0,0,0,0,0,0,0,0,0,0,0,0,0,0,0,2
24-25,4,Celta Vigo,Osasuna,0,Iván Villar,Iván Villar,G,2,1,6.0,90,0,0,0,0,0,0,6,2,1,0,0,0,0,0,0,0,0,4
24-25,4,Celta Vigo,Osasuna,0,Mingueza,Óscar Mingueza,M,7,3,7.6,90,0,1,2,1,0,0,7,1,0,0,0,0,0,0,0,0,0,18
24-25,4,Celta Vigo,Osasuna,0,Domínguez,Carlos Domínguez,D,-1,1,6.4,45,0,0,1,0,0,0,2,3,0,0,0,0,0,0,1,0,0,6
24-25,4,Celta Vigo,Osasuna,0,Javi Rodríguez,Javi Rodríguez,D,-1,0,6.1,90,0,0,1,0,0,0,4,0,0,0,0,0,0,0,0,0,0,14
24-25,4,Celta Vigo,Osasuna,0,Jailson,Jailson,D,2,1,6.5,90,0,0,0,0,0,0,4,3,0,0,0,0,0,0,0,0,0,13
24-25,4,Celta Vigo,Osasuna,0,Beltrán,Fran Beltrán,M,0,0,6.4,45,0,0,0,0,0,0,2,1,0,0,0,0,0,0,0,0,0,1
24-25,4,Celta Vigo,Osasuna,0,Moriba,Ilaix Moriba,M,3,1,6.5,76,0,0,0,0,0,0,4,1,0,0,0,0,0,0,0,0,0,8
24-25,4,Celta Vigo,Osasuna,0,Hugo Álvarez,Hugo Álvarez,M,3,2,6.7,90,0,0,1,0,1,0,4,0,0,0,0,0,0,0,0,0,0,17
24-25,4,Celta Vigo,Osasuna,0,Swedberg,Williot Swedberg,F,0,0,6.6,45,0,0,0,0,0,0,1,0,0,0,0,0,0,0,0,0,0,6
24-25,4,Celta Vigo,Osasuna,0,Aspas,Iago Aspas,F,2,1,6.9,90,0,0,0,0,0,0,2,1,0,0,0,0,0,0,0,0,0,9
24-25,4,Celta Vigo,Osasuna,0,Iglesias,Borja Iglesias,F,8,2,6.9,64,1,0,0,0,2,0,0,0,0,0,0,0,0,0,0,0,0,6
24-25,4,Celta Vigo,Osasuna,0,Starfelt,Carl Starfelt,D,3,1,6.8,45,0,0,0,0,0,0,1,3,0,0,0,0,0,0,0,0,0,3
24-25,4,Celta Vigo,Osasuna,0,Alfon 45',Alfon González,F,0,0,6.4,41,0,0,1,0,1,0,0,0,0,0,0,0,0,0,0,0,0,9
24-25,4,Celta Vigo,Osasuna,0,Sotelo,Hugo Sotelo,M,2,1,6.4,14,0,0,0,0,0,0,0,0,0,0,0,0,0,0,0,0,0,6
24-25,4,Celta Vigo,Osasuna,0,Damián,Damián Rodríguez,M,2,1,6.7,45,0,0,2,0,0,0,2,0,0,0,0,0,0,0,0,0,0,5
24-25,4,Celta Vigo,Osasuna,0,Douvikas,Anastasios Douvikas,F,1,0,6.4,26,0,0,0,0,0,0,0,1,0,0,0,0,0,0,0,0,0,2
24-25,4,Sevilla,Girona FC,1,Nyland,Ørjan Nyland,G,1,0,6.5,90,0,0,0,0,0,0,2,0,2,0,0,0,0,0,0,0,0,6
24-25,4,Sevilla,Girona FC,1,Marcão,Marcão,D,2,1,6.6,90,0,0,0,0,0,0,5,4,0,0,0,0,0,0,0,0,0,11
24-25,4,Sevilla,Girona FC,1,Juanlu,Juanlu Sánchez,M,3,1,6.5,65,0,0,1,0,0,0,3,0,0,0,0,0,0,0,0,0,0,8
24-25,4,Sevilla,Girona FC,1,Carmona,José Ángel Carmona,D,1,1,6.5,82,0,0,0,0,0,0,6,2,0,0,0,0,0,0,0,0,0,11
24-25,4,Sevilla,Girona FC,1,Badé,Loïc Badé,D,1,1,6.9,90,0,0,1,0,0,0,2,4,0,0,0,0,0,0,0,0,0,11
24-25,4,Sevilla,Girona FC,1,Barco,Valentín Barco,D,3,2,7.0,90,0,0,4,3,0,0,9,1,0,0,0,0,0,0,0,0,0,21
24-25,4,Sevilla,Girona FC,1,Lokonga,Albert Sambi Lokonga,M,1,1,7.3,90,0,0,0,0,1,0,3,1,0,0,0,0,0,0,0,0,0,3
24-25,4,Sevilla,Girona FC,1,Agoume,Lucien Agoumé,M,1,0,6.3,82,0,0,1,0,0,0,3,1,0,0,0,0,0,0,0,0,0,7
24-25,4,Sevilla,Girona FC,1,Ejuke,Chidera Ejuke,M,5,3,7.3,90,0,0,3,1,1,0,2,0,0,0,0,0,0,0,0,0,0,20
24-25,4,Sevilla,Girona FC,1,Lukebakio,Dodi Lukebakio,M,5,1,6.7,65,0,0,0,0,2,0,3,0,0,0,0,0,0,0,0,0,0,4
24-25,4,Sevilla,Girona FC,1,Romero,Isaac Romero,F,-1,1,6.7,90,0,0,1,0,1,0,2,2,0,0,0,1,0,0,0,0,0,9
24-25,4,Sevilla,Girona FC,1,Navas,Jesús Navas,D,1,0,6.3,25,0,0,0,0,0,0,0,1,0,0,0,0,0,0,0,0,0,2
24-25,4,Sevilla,Girona FC,1,Sow,Djibril Sow,M,2,1,6.6,8,0,0,0,0,0,0,0,0,0,0,0,0,0,0,0,0,0,1
24-25,4,Sevilla,Girona FC,1,Idumbo M.,Stanis Idumbo Muzambo,M,2,1,6.8,8,0,0,0,0,0,0,1,0,0,0,0,0,0,0,0,0,0,3
24-25,4,Sevilla,Girona FC,1,Peque,Peque Fernández,F,1,0,6.4,25,0,0,0,0,0,0,2,0,0,0,0,0,0,0,0,0,0,2
24-25,4,Girona FC,Sevilla,0,Gazzaniga,Paulo Gazzaniga,G,13,4,8.1,90,0,0,0,0,0,0,10,0,5,0,0,0,0,0,0,0,0,9
24-25,4,Girona FC,Sevilla,0,David López,David López,D,9,3,7.4,90,0,0,1,0,0,0,1,4,0,0,0,0,0,0,0,0,0,4
24-25,4,Girona FC,Sevilla,0,Blind,Daley Blind,D,9,4,7.5,90,0,0,1,0,0,0,3,2,0,0,0,0,0,0,0,0,0,8
24-25,4,Girona FC,Sevilla,0,Miguel,Miguel Gutiérrez,D,14,4,8.0,90,0,1,1,0,1,0,6,1,0,0,0,0,0,0,0,0,0,7
24-25,4,Girona FC,Sevilla,0,Francés,Alejandro Francés,D,6,2,7.2,89,0,0,1,0,0,0,2,2,0,0,0,0,0,0,0,0,0,12
24-25,4,Girona FC,Sevilla,0,Romeu,Oriol Romeu,M,5,1,7.1,90,0,0,0,0,0,0,4,0,0,0,0,0,0,0,0,0,0,6
24-25,4,Girona FC,Sevilla,0,Tsygankov,Viktor Tsygankov,F,2,1,6.7,45,0,0,0,1,0,0,4,0,0,0,0,0,0,0,0,0,0,10
24-25,4,Girona FC,Sevilla,0,Bryan Gil,Bryan Gil,F,7,2,7.2,89,0,0,1,1,0,0,4,1,0,0,0,0,0,0,0,0,0,11
24-25,4,Girona FC,Sevilla,0,Herrera,Yangel Herrera,M,3,1,6.9,45,0,0,0,0,0,0,4,1,0,0,0,0,0,0,0,0,0,4
24-25,4,Girona FC,Sevilla,0,Iván Martín,Iván Martín,M,9,3,7.4,58,1,0,1,0,1,0,1,0,0,0,0,0,0,0,0,0,0,5
24-25,4,Girona FC,Sevilla,0,Abel Ruiz,Abel Ruíz,F,11,3,7.4,90,1,0,0,0,2,0,0,0,0,0,0,0,0,0,0,0,0,7
24-25,4,Girona FC,Sevilla,0,Arnau,Arnau Martínez,D,2,1,6.7,9,0,0,0,0,0,0,0,0,0,0,0,0,0,0,0,0,0,3
24-25,4,Girona FC,Sevilla,0,Portu,Portu,F,1,0,6.6,9,0,0,0,0,0,0,1,0,0,0,0,0,0,0,0,0,0,0
24-25,4,Girona FC,Sevilla,0,Asprilla,Yáser Asprilla,M,1,0,6.4,32,0,0,1,1,0,0,2,1,0,0,0,0,0,0,0,0,0,6
24-25,4,Girona FC,Sevilla,0,Solís,Jhon Solís,M,2,1,6.5,45,0,0,0,0,0,0,3,1,0,0,0,0,0,0,0,0,0,4
24-25,4,Girona FC,Sevilla,0,Danjuma,Arnaut Danjuma,F,2,1,6.3,45,0,0,1,1,0,0,0,0,0,0,0,0,0,0,0,0,0,5
24-25,4,Getafe,Real Sociedad,1,Soria,David Soria,G,9,2,6.9,90,0,0,0,0,0,0,5,0,0,0,0,0,0,0,0,0,0,5
24-25,4,Getafe,Real Sociedad,1,Diego Rico,Diego Rico,D,8,4,7.3,90,0,0,0,0,0,0,6,2,0,0,0,0,0,0,0,0,0,22
24-25,4,Getafe,Real Sociedad,1,Álex Sola,Álex Sola,M,4,1,5.9,85,0,0,0,0,0,0,4,1,0,0,0,0,0,0,0,0,0,23
24-25,4,Getafe,Real Sociedad,1,Djené,Djené,D,7,2,7.0,90,0,0,0,0,0,0,3,4,0,0,0,0,0,0,0,0,0,10
24-25,4,Getafe,Real Sociedad,1,Iglesias,Juan Iglesias,D,4,2,7.2,90,0,0,2,1,0,0,2,4,0,0,0,0,0,0,0,0,0,29
24-25,4,Getafe,Real Sociedad,1,Alderete,Omar Alderete,D,11,4,7.9,90,0,0,1,0,1,0,7,7,0,0,0,0,0,0,0,0,0,13
24-25,4,Getafe,Real Sociedad,1,Aberdin,Nabil Aberdin,M,0,0,6.9,67,0,0,0,0,0,0,3,0,0,0,0,0,0,0,0,0,0,5
24-25,4,Getafe,Real Sociedad,1,Carles Pérez,Carles Pérez,M,3,1,6.4,67,0,0,0,0,0,0,1,0,0,0,0,0,0,0,0,0,0,15
24-25,4,Getafe,Real Sociedad,1,Luis Milla,Luis Milla,M,9,4,7.4,90,0,0,4,1,0,0,6,0,0,0,0,0,0,0,0,0,0,21
24-25,4,Getafe,Real Sociedad,1,Uche,Christantus Uche,M,8,3,7.4,89,0,0,3,0,0,0,4,0,0,0,0,0,0,0,0,0,0,16
24-25,4,Getafe,Real Sociedad,1,Yildirim,Bertuğ Yıldırım,F,7,1,6.8,78,0,0,0,0,0,0,3,1,0,0,0,0,0,0,0,0,0,7
24-25,4,Getafe,Real Sociedad,1,Aleñá,Carles Aleñá,M,2,1,6.8,23,0,0,1,0,0,0,1,0,0,0,0,0,0,0,0,0,0,3
24-25,4,Getafe,Real Sociedad,1,Arambarri,Mauro Arambarri,M,2,1,6.8,23,0,0,1,0,0,0,0,0,0,0,0,0,0,0,0,0,0,7
24-25,4,Getafe,Real Sociedad,1,Patrick Finn,John Patrick,M,0,0,6.7,13,0,0,0,0,0,0,1,1,0,0,0,0,0,0,0,0,0,1
24-25,4,Getafe,Real Sociedad,1,Peter,Peter González,F,2,1,6.3,12,0,0,0,0,0,0,1,0,0,0,0,0,0,0,0,0,0,5
24-25,4,Getafe,Real Sociedad,1,Yellu,Yellu Santiago,M,2,1,6.5,8,0,0,0,0,0,0,0,0,0,0,0,0,0,0,0,0,0,2
24-25,4,Real Sociedad,Getafe,0,Remiro,Álex Remiro,G,9,4,7.1,90,0,0,1,0,0,0,6,1,1,0,0,0,0,0,0,0,0,18
24-25,4,Real Sociedad,Getafe,0,Zubeldia,Igor Zubeldia,D,3,2,6.8,45,0,0,0,0,0,0,2,4,0,0,0,0,0,0,0,0,0,8
24-25,4,Real Sociedad,Getafe,0,Pacheco,Jon Pacheco,D,12,3,7.5,90,0,0,0,0,0,0,4,12,0,0,0,0,0,0,0,0,0,9
24-25,4,Real Sociedad,Getafe,0,Traoré,Hamari Traoré,D,8,3,7.0,66,0,0,0,0,0,0,4,2,0,0,0,0,0,0,0,0,0,12
24-25,4,Real Sociedad,Getafe,0,Aramburu,Jon Aramburu,D,4,2,6.7,59,0,0,0,0,0,0,2,6,0,0,0,0,0,0,0,0,0,15
24-25,4,Real Sociedad,Getafe,0,Brais,Brais Méndez,F,1,0,6.3,28,0,0,0,0,0,0,2,0,0,0,0,0,0,0,0,0,0,2
24-25,4,Real Sociedad,Getafe,0,Sergio Gómez,Sergio Gómez,M,5,2,6.9,90,0,0,0,0,0,0,6,2,0,0,0,0,0,0,0,0,0,13
24-25,4,Real Sociedad,Getafe,0,Zubimendi,Martín Zubimendi,M,6,1,6.8,90,0,0,0,0,0,0,2,4,0,0,0,0,0,0,0,0,0,9
24-25,4,Real Sociedad,Getafe,0,Kubo,Takefusa Kubo,M,5,1,6.7,60,0,0,0,0,0,0,1,2,0,0,0,0,0,0,0,0,0,8
24-25,4,Real Sociedad,Getafe,0,Turrientes,Beñat Turrientes,M,6,1,6.9,90,0,0,0,0,0,0,3,4,0,0,0,0,0,0,0,0,0,10
24-25,4,Real Sociedad,Getafe,0,Sadiq,Umar Sadiq,F,3,1,6.7,66,0,0,0,0,0,0,1,1,0,0,0,0,0,0,0,0,0,13
24-25,4,Real Sociedad,Getafe,0,Aihen,Aihen Muñoz,D,1,0,6.7,24,0,0,0,0,0,0,0,5,0,0,0,0,0,0,0,0,0,5
24-25,4,Real Sociedad,Getafe,0,Javi López,Javi López,D,2,1,6.5,31,0,0,0,0,0,0,1,3,0,0,0,0,0,0,0,0,0,10
24-25,4,Real Sociedad,Getafe,0,Jon Martín,Jon Martin,D,3,1,6.8,45,0,0,0,0,0,0,1,4,0,0,0,0,0,0,0,0,0,7
24-25,4,Real Sociedad,Getafe,0,Barrenetxea,Ander Barrenetxea,F,5,1,6.4,62,0,0,0,1,0,0,4,4,0,0,0,0,0,0,0,0,0,11
24-25,4,Real Sociedad,Getafe,0,Óskarsson,Orri Steinn Óskarsson,F,0,0,6.4,24,0,0,0,0,0,0,2,0,0,0,0,0,0,0,0,0,0,10
24-25,4,Real Sociedad,Getafe,0,Becker,Sheraldo Becker,F,1,0,6.5,30,0,0,0,0,0,0,1,2,0,0,0,0,0,0,0,0,0,3
24-25,4,Real Madrid,Real Betis,1,Courtois,Thibaut Courtois,G,12,3,7.3,90,0,0,0,0,0,0,14,1,2,0,0,0,0,0,0,0,0,2
24-25,4,Real Madrid,Real Betis,1,Carvajal,Daniel Carvajal,D,5,2,7.3,90,0,0,0,1,0,0,3,1,0,0,0,0,0,0,0,0,0,17
24-25,4,Real Madrid,Real Betis,1,Rüdiger,Antonio Rüdiger,D,7,3,7.6,90,0,0,0,0,0,0,0,2,0,0,0,0,0,0,0,0,0,8
24-25,4,Real Madrid,Real Betis,1,Militão,Éder Militão,D,8,3,7.7,90,0,0,1,0,1,0,1,2,0,0,0,0,0,0,0,0,0,6
24-25,4,Real Madrid,Real Betis,1,Mendy,Ferland Mendy,D,8,3,7.4,65,0,0,1,0,0,0,0,0,0,0,0,0,0,0,0,0,0,5
24-25,4,Real Madrid,Real Betis,1,Ceballos,Dani Ceballos,M,5,2,6.9,65,0,0,0,1,0,0,3,0,0,0,0,0,0,0,0,0,0,11
24-25,4,Real Madrid,Real Betis,1,Valverde,Federico Valverde,M,12,4,8.2,90,0,1,3,0,1,0,8,0,0,0,0,0,0,0,0,0,0,12
24-25,4,Real Madrid,Real Betis,1,Tchouaméni,Aurélien Tchouaméni,M,9,3,8.1,90,0,0,1,0,0,0,8,0,0,0,0,0,0,0,0,0,0,8
24-25,4,Real Madrid,Real Betis,1,Mbappé,Kylian Mbappé,F,17,4,8.8,84,2,0,1,0,3,0,1,0,0,0,0,0,0,0,0,0,0,10
24-25,4,Real Madrid,Real Betis,1,Vinicius,Vinicius Júnior,F,6,2,7.6,90,0,0,4,1,0,0,2,0,0,0,1,0,0,0,0,0,0,16
24-25,4,Real Madrid,Real Betis,1,Rodrygo,Rodrygo,F,9,3,8.0,89,0,0,5,4,1,0,2,0,0,0,0,0,0,0,0,0,0,11
24-25,4,Real Madrid,Real Betis,1,Fran García,Fran García,D,2,1,6.6,25,0,0,0,1,0,0,0,1,0,0,0,0,0,0,0,0,0,0
24-25,4,Real Madrid,Real Betis,1,Modric,Luka Modrić,M,2,1,6.8,13,0,0,0,1,0,0,1,0,0,0,0,0,0,0,0,0,0,5
24-25,4,Real Madrid,Real Betis,1,Brahim,Brahim Díaz,M,4,2,7.4,25,0,0,1,0,0,0,2,0,0,0,0,0,0,0,0,0,0,5
24-25,4,Real Madrid,Real Betis,1,Endrick,Endrick,F,1,0,6.6,8,0,0,0,0,1,0,0,0,0,0,0,0,0,0,0,0,0,0
24-25,4,Real Betis,Real Madrid,0,Rui Silva,Rui Silva,G,3,2,7.1,90,0,0,0,0,0,0,11,1,5,0,0,1,0,0,0,0,0,10
24-25,4,Real Betis,Real Madrid,0,D. Llorente,Diego Llorente,D,1,0,7.0,90,0,0,0,0,0,0,2,4,0,0,0,0,0,0,0,0,0,4
24-25,4,Real Betis,Real Madrid,0,Y. Sabaly,Youssouf Sabaly,D,3,1,6.9,90,0,0,2,1,0,0,4,3,0,0,0,0,0,0,0,0,0,9
24-25,4,Real Betis,Real Madrid,0,Perraud,Romain Perraud,D,3,1,6.5,90,0,0,1,1,0,0,7,3,0,0,0,0,0,0,0,0,0,15
24-25,4,Real Betis,Real Madrid,0,Natan,Natan,D,2,0,6.3,90,0,0,0,0,0,0,4,4,0,0,0,0,0,0,0,0,0,3
24-25,4,Real Betis,Real Madrid,0,Carvalho,William Carvalho,M,1,1,6.6,57,0,0,0,0,0,0,2,0,0,0,0,0,0,0,0,0,0,10
24-25,4,Real Betis,Real Madrid,0,Fornals,Pablo Fornals,M,1,1,6.7,83,0,0,2,0,0,0,3,0,0,0,0,0,0,0,0,0,0,10
24-25,4,Real Betis,Real Madrid,0,Marc Roca,Marc Roca,M,3,1,7.3,90,0,0,1,0,0,0,6,2,0,0,0,0,0,0,0,0,0,4
24-25,4,Real Betis,Real Madrid,0,Ruibal,Aitor Ruibal,F,2,1,6.5,57,0,0,0,0,0,0,2,0,0,0,0,0,0,0,0,0,0,6
24-25,4,Real Betis,Real Madrid,0,Rodri,Rodri Sánchez,M,4,1,6.6,72,0,0,2,2,1,0,4,0,0,0,0,0,0,0,0,0,0,9
24-25,4,Real Betis,Real Madrid,0,Abde,Abdessamad Ezzalzouli,M,4,2,7.3,83,0,0,1,0,0,0,4,0,0,0,0,0,0,0,0,0,0,12
24-25,4,Real Betis,Real Madrid,0,Losada,Iker Losada,M,2,1,6.4,14,0,0,0,0,0,0,2,0,0,0,0,0,0,0,0,0,0,2
24-25,4,Real Betis,Real Madrid,0,Cardoso,Johnny Cardoso,M,1,1,6.7,33,0,0,1,0,0,0,2,1,0,0,0,0,0,0,0,0,0,4
24-25,4,Real Betis,Real Madrid,0,Juanmi,Juanmi,F,1,0,6.5,14,0,0,0,0,0,0,0,0,0,0,0,0,0,0,0,0,0,2
24-25,4,Real Betis,Real Madrid,0,Assane,Assane Diao,F,1,0,6.4,18,0,0,0,0,0,0,1,1,0,0,0,0,0,0,0,0,0,2
24-25,4,Real Betis,Real Madrid,0,Vitor Roque,Vitor Roque,F,0,0,6.5,33,0,0,1,0,1,0,1,0,0,0,0,0,0,0,0,0,0,4
