ID_Partido,Temporada,Jornada,Equipo,Nombre,Posicion,Edad,Nacionalidad,Probabilidad_Jugar,Estado_Medico,Partidos_Jugados,Goles,Asistencias,Penaltis_Parados,Tarjetas_Amarillas,Tarjetas_Rojas,Estado_Forma,Puntos_Totales,Media_Puntos,Puntos_Ultima_Jornada,Puntos_Jornada_Ant_2,Puntos_Jornada_Ant_3,Precio_Fantastica,Puntos_PFSY
20317,2025/26,25,Alavés,Ibáñez,Desconocido,27,ES,70%,Sano,24.0,1.0,1.0,0.0,4.0,0.0,1.3,97,4.0,4.0,1,6.0,11.0,97.0
20317,2025/26,25,Alavés,Boyé,Desconocido,29,AR,90%,Sano,18.0,5.0,1.0,0.0,2.0,1.0,1.5,98,5.4,4.0,2,11.0,15.0,98.0
20317,2025/26,25,Alavés,Aleñá,Desconocido,28,ES,80%,Sano,24.0,0.0,4.0,0.0,3.0,0.0,1.2,100,4.2,11.0,5,9.0,11.0,100.0
20317,2025/26,25,Alavés,Toni Martinez,Desconocido,28,ES,80%,Sano,23.0,5.0,2.0,0.0,0.0,0.0,1.7,110,4.8,11.0,2,11.0,12.0,110.0
20317,2025/26,25,Alavés,Garcés,Desconocido,26,MY,80%,Sano,9.0,0.0,0.0,0.0,3.0,0.0,0.8,43,4.8,4.0,3,4.0,9.0,43.0
20317,2025/26,25,Alavés,Blanco,Desconocido,25,ES,60%,Sano,22.0,1.0,1.0,0.0,5.0,0.0,1.3,98,4.5,3.0,3,12.0,11.0,98.0
20317,2025/26,25,Alavés,Tenaglia,Desconocido,29,AR,90%,Sano,22.0,1.0,0.0,0.0,2.0,0.0,1.0,105,4.8,5.0,-1,0.0,12.0,105.0
20317,2025/26,25,Alavés,Pacheco,Desconocido,25,ES,95%,Sano,18.0,0.0,0.0,0.0,3.0,0.0,1.0,73,4.1,5.0,0,8.0,11.0,73.0
20317,2025/26,25,Alavés,Sivera,Portero,29,ES,95%,Sano,24.0,0.0,0.0,0.0,0.0,0.0,1.3,116,4.8,5.0,5,5.0,12.0,116.0
20317,2025/26,25,Alavés,Jonny,Desconocido,31,ES,80%,Sano,23.0,0.0,0.0,0.0,5.0,0.0,0.9,79,3.4,0.0,-1,1.0,10.0,79.0
20317,2025/26,25,Alavés,Ángel Pérez,Desconocido,23,ES,50%,Sano,2.0,0.0,0.0,0.0,0.0,0.0,1.6,5,2.5,2.0,3,0.0,,
20317,2025/26,25,Alavés,Calebe,Desconocido,25,BR,50%,Sano,16.0,0.0,0.0,0.0,2.0,0.0,1.2,47,2.9,1.0,5,3.0,7.0,47.0
20317,2025/26,25,Alavés,Guevara,Desconocido,28,ES,40%,Sano,16.0,1.0,0.0,0.0,2.0,0.0,1.8,45,2.8,3.0,0,3.0,6.0,45.0
20317,2025/26,25,Alavés,Denis Suárez,Desconocido,32,ES,40%,Sano,19.0,1.0,0.0,0.0,4.0,0.0,0.7,59,3.1,2.0,2,0.0,8.0,59.0
20317,2025/26,25,Alavés,Rebbach,Desconocido,27,DZ,30%,Sano,19.0,0.0,0.0,0.0,4.0,0.0,1.0,55,2.9,0.0,2,0.0,7.0,55.0
20317,2025/26,25,Alavés,Parada,Desconocido,23,ES,25%,Sano,17.0,0.0,1.0,0.0,6.0,0.0,1.0,31,1.8,0.0,0,0.0,8.0,31.0
20317,2025/26,25,Alavés,Guridi,Desconocido,30,ES,20%,Sano,16.0,0.0,0.0,0.0,0.0,0.0,1.2,31,1.9,2.0,0,2.0,5.0,31.0
20317,2025/26,25,Alavés,Youssef,Desconocido,20,MA,20%,Sano,18.0,0.0,0.0,0.0,2.0,0.0,1.4,49,2.7,3.0,3,2.0,8.0,49.0
20317,2025/26,25,Alavés,Raúl F.,Desconocido,37,ES,5%,Sano,0.0,0.0,0.0,0.0,0.0,0.0,-1.0,0,0.0,0.0,0,0.0,1.0,0.0
20317,2025/26,25,Alavés,Protesoni,Desconocido,27,UY,0%,Lesionado/Duda,7.0,0.0,0.0,0.0,2.0,1.0,1.0,15,2.1,0.0,0,2.0,4.0,15.0
20317,2025/26,25,Alavés,Mariano,Desconocido,32,DO,0%,Sano,9.0,0.0,0.0,0.0,1.0,0.0,-1.0,17,1.9,0.0,0,0.0,4.0,17.0
20317,2025/26,25,Alavés,Diabaté,Desconocido,26,CI,0%,Sano,,,,,,,-1.0,0,0.0,0.0,0,0.0,,
20317,2025/26,25,Alavés,Koski,Desconocido,24,FI,0%,Lesionado/Duda,,,,,,,-1.0,0,0.0,0.0,0,0.0,,
20313,2025/26,25,Athletic,Navarro,Desconocido,23,ES,50%,Sano,20.0,5.0,1.0,0.0,1.0,0.0,1.5,87,4.4,2.0,8,1.0,8.0,89.0
20313,2025/26,25,Athletic,Guruzeta,Desconocido,29,ES,80%,Sano,21.0,4.0,1.0,0.0,4.0,1.0,1.5,88,4.2,1.0,16,4.0,11.0,103.0
20313,2025/26,25,Athletic,Sancet,Desconocido,25,ES,80%,Sano,17.0,2.0,0.0,0.0,2.0,1.0,2.0,57,3.4,9.0,0,0.0,9.0,61.0
20313,2025/26,25,Athletic,I. Williams,Desconocido,31,GH,90%,Sano,16.0,1.0,2.0,0.0,1.0,0.0,1.3,65,4.1,3.0,14,1.0,10.0,67.0
20313,2025/26,25,Athletic,Rego,Desconocido,22,ES,70%,Sano,16.0,1.0,0.0,0.0,4.0,0.0,1.0,35,2.2,0.0,-2,2.0,6.0,39.0
20313,2025/26,25,Athletic,R. de Galarreta,Desconocido,32,ES,90%,Sano,22.0,1.0,1.0,0.0,9.0,0.0,1.7,92,4.2,2.0,11,12.0,11.0,99.0
20313,2025/26,25,Athletic,Laporte,Desconocido,31,ES,70%,Sano,13.0,0.0,1.0,0.0,2.0,0.0,1.8,60,4.6,7.0,1,0.0,10.0,69.0
20313,2025/26,25,Athletic,Yuri,Desconocido,36,ES,70%,Sano,21.0,0.0,2.0,0.0,3.0,0.0,1.3,103,4.9,10.0,4,8.0,13.0,115.0
20313,2025/26,25,Athletic,Paredes,Desconocido,25,ES,60%,Sano,17.0,1.0,0.0,0.0,4.0,0.0,1.0,83,4.9,4.0,6,4.0,13.0,83.0
20313,2025/26,25,Athletic,Gorosabel,Desconocido,29,ES,70%,Sano,13.0,0.0,1.0,0.0,2.0,0.0,1.2,34,2.6,8.0,1,2.0,7.0,34.0
20313,2025/26,25,Athletic,Unai Simón,Portero,28,ES,95%,Sano,24.0,0.0,0.0,1.0,0.0,0.0,1.4,138,5.8,4.0,2,6.0,16.0,143.0
20313,2025/26,25,Athletic,Serrano,Desconocido,22,ES,50%,Sano,11.0,1.0,0.0,0.0,0.0,0.0,1.6,35,3.2,3.0,13,0.0,5.0,35.0
20313,2025/26,25,Athletic,Vivian,Desconocido,26,ES,50%,Sano,19.0,0.0,0.0,0.0,6.0,1.0,-1.0,75,3.9,0.0,0,0.0,11.0,81.0
20313,2025/26,25,Athletic,Vesga,Desconocido,32,ES,40%,Sano,14.0,0.0,0.0,0.0,0.0,0.0,1.0,28,2.0,2.0,0,0.0,4.0,30.0
20313,2025/26,25,Athletic,Areso,Desconocido,26,ES,30%,Sano,20.0,0.0,1.0,0.0,3.0,0.0,1.0,70,3.5,3.0,0,3.0,10.0,72.0
20313,2025/26,25,Athletic,Boiro,Desconocido,23,ES,30%,Sano,8.0,0.0,0.0,0.0,1.0,0.0,1.3,15,1.9,0.0,0,4.0,5.0,15.0
20313,2025/26,25,Athletic,Lekue,Desconocido,32,ES,30%,Sano,7.0,0.0,0.0,0.0,1.0,2.0,1.0,14,2.0,0.0,2,0.0,5.0,13.0
20313,2025/26,25,Athletic,Unai Gómez,Desconocido,22,ES,20%,Sano,16.0,1.0,1.0,0.0,0.0,0.0,1.0,33,2.1,2.0,0,3.0,5.0,33.0
20313,2025/26,25,Athletic,Izeta,Desconocido,26,ES,10%,Sano,9.0,0.0,0.0,0.0,2.0,0.0,1.5,12,1.3,0.0,0,0.0,3.0,14.0
20313,2025/26,25,Athletic,Selton,Desconocido,19,ES,10%,Sano,5.0,0.0,1.0,0.0,0.0,0.0,1.0,13,2.6,0.0,5,0.0,4.0,13.0
20313,2025/26,25,Athletic,Padilla,Desconocido,22,MX,5%,Sano,0.0,0.0,0.0,0.0,0.0,1.0,-1.0,-3,0.0,0.0,0,0.0,1.0,-3.0
20313,2025/26,25,Athletic,Jauregizar,Desconocido,22,ES,0%,Lesionado/Duda,24.0,2.0,0.0,0.0,2.0,0.0,1.7,118,4.9,11.0,5,4.0,13.0,118.0
20313,2025/26,25,Athletic,N. Williams,Desconocido,23,ES,0%,Lesionado/Duda,19.0,4.0,2.0,0.0,1.0,0.0,1.6,121,6.4,0.0,7,4.0,18.0,121.0
20313,2025/26,25,Athletic,Berenguer,Desconocido,30,ES,0%,Lesionado/Duda,20.0,2.0,2.0,0.0,3.0,0.0,1.0,107,5.4,0.0,0,3.0,15.0,107.0
20313,2025/26,25,Athletic,Sannadi,Desconocido,25,MA,0%,Lesionado/Duda,8.0,1.0,0.0,0.0,1.0,0.0,-1.0,17,2.1,0.0,0,0.0,4.0,17.0
20313,2025/26,25,Athletic,Prados,Desconocido,25,ES,0%,Lesionado/Duda,2.0,0.0,0.0,0.0,1.0,0.0,-1.0,6,3.0,0.0,0,0.0,4.0,6.0
20313,2025/26,25,Athletic,Egiluz,Desconocido,23,ES,0%,Lesionado/Duda,,,,,,,-1.0,0,0.0,0.0,0,0.0,,
20313,2025/26,25,Athletic,Yeray,Desconocido,31,ES,0%,Lesionado/Duda,,,,,,,-1.0,0,0.0,0.0,0,0.0,,
20314,2025/26,25,Atlético,M. Llorente,Desconocido,31,ES,50%,Sano,20.0,0.0,3.0,0.0,4.0,0.0,1.0,124,6.2,0.0,3,2.0,18.0,124.0
20314,2025/26,25,Atlético,Le Normand,Desconocido,29,ES,50%,Sano,18.0,1.0,0.0,0.0,2.0,0.0,0.8,79,4.4,3.0,3,12.0,10.0,79.0
20314,2025/26,25,Atlético,Baena,Desconocido,24,ES,70%,Sano,16.0,2.0,1.0,0.0,3.0,0.0,0.5,83,5.2,1.0,1,4.0,10.0,83.0
20314,2025/26,25,Atlético,Giuliano,Desconocido,23,AR,50%,Sano,21.0,2.0,5.0,0.0,1.0,0.0,0.5,125,6.0,0.0,2,0.0,17.0,125.0
20314,2025/26,25,Atlético,Oblak,Portero,33,SI,95%,Sano,23.0,0.0,0.0,0.0,0.0,0.0,1.0,164,7.1,7.0,7,10.0,23.0,164.0
20314,2025/26,25,Atlético,Cardoso,Desconocido,24,US,70%,Sano,9.0,0.0,0.0,0.0,4.0,0.0,0.4,30,3.3,0.0,0,6.0,7.0,30.0
20314,2025/26,25,Atlético,Giménez,Desconocido,31,UY,70%,Sano,10.0,0.0,0.0,0.0,3.0,0.0,1.0,56,5.6,3.0,6,0.0,10.0,56.0
20314,2025/26,25,Atlético,Sörloth,Desconocido,30,NO,70%,Sano,23.0,7.0,0.0,0.0,3.0,1.0,0.6,95,4.1,1.0,3,2.0,10.0,95.0
20314,2025/26,25,Atlético,Almada,Desconocido,24,AR,70%,Sano,16.0,3.0,1.0,0.0,1.0,0.0,0.5,83,5.2,4.0,2,4.0,9.0,83.0
20314,2025/26,25,Atlético,Hancko,Desconocido,28,SK,50%,Sano,23.0,0.0,2.0,0.0,0.0,0.0,1.3,116,5.0,0.0,4,4.0,13.0,116.0
20314,2025/26,25,Atlético,Vargas,Desconocido,20,MX,50%,Sano,2.0,0.0,0.0,0.0,0.0,0.0,1.0,4,2.0,2.0,2,0.0,,
20314,2025/26,25,Atlético,Lookman,Desconocido,28,NG,50%,Sano,2.0,0.0,0.0,0.0,1.0,0.0,0.7,4,2.0,2.0,2,0.0,,
20314,2025/26,25,Atlético,Lenglet,Desconocido,30,FR,50%,Sano,11.0,0.0,0.0,0.0,4.0,1.0,0.0,48,4.4,3.0,0,2.0,9.0,48.0
20314,2025/26,25,Atlético,Molina,Desconocido,27,AR,50%,Sano,16.0,0.0,1.0,0.0,1.0,0.0,0.8,54,3.4,4.0,0,9.0,7.0,54.0
20314,2025/26,25,Atlético,Pubill,Desconocido,22,ES,50%,Sano,10.0,0.0,1.0,0.0,1.0,0.0,1.0,68,6.8,0.0,0,2.0,11.0,68.0
20314,2025/26,25,Atlético,Ruggeri,Desconocido,23,IT,50%,Sano,17.0,0.0,0.0,0.0,3.0,0.0,0.3,78,4.6,0.0,0,9.0,10.0,78.0
20314,2025/26,25,Atlético,Alvarez,Desconocido,26,AR,40%,Sano,24.0,7.0,3.0,0.0,2.0,0.0,0.0,161,6.7,2.0,2,5.0,21.0,161.0
20314,2025/26,25,Atlético,Koke,Desconocido,34,ES,40%,Sano,22.0,2.0,2.0,0.0,4.0,0.0,0.8,113,5.1,0.0,7,3.0,14.0,113.0
20314,2025/26,25,Atlético,Griezmann,Desconocido,34,FR,40%,Sano,21.0,6.0,0.0,0.0,0.0,0.0,1.0,101,4.8,0.0,6,0.0,9.0,101.0
20314,2025/26,25,Atlético,Barrios,Desconocido,22,ES,10%,Lesionado/Duda,21.0,1.0,1.0,0.0,0.0,0.0,1.0,123,5.9,0.0,0,2.0,17.0,123.0
20314,2025/26,25,Atlético,Musso,Desconocido,31,AR,5%,Sano,1.0,0.0,0.0,0.0,1.0,0.0,-1.0,8,8.0,0.0,0,0.0,9.0,8.0
20314,2025/26,25,Atlético,Mendoza,Desconocido,20,ES,0%,Sano,2.0,0.0,0.0,0.0,1.0,0.0,0.7,51,2.8,-1.0,2,3.0,8.0,51.0
20314,2025/26,25,Atlético,González,Desconocido,27,AR,0%,Lesionado/Duda,18.0,1.0,0.0,0.0,3.0,0.0,0.4,82,4.6,2.0,0,7.0,10.0,82.0
20315,2025/26,25,Barcelona,Fermín,Desconocido,22,ES,80%,Sano,18.0,4.0,5.0,0.0,2.0,0.0,1.3,125,6.9,1.0,12,5.0,16.0,125.0
20315,2025/26,25,Barcelona,Olmo,Desconocido,27,ES,60%,Sano,19.0,6.0,6.0,0.0,0.0,0.0,1.6,149,7.8,9.0,16,8.0,23.0,149.0
20315,2025/26,25,Barcelona,Koundé,Desconocido,27,FR,60%,Sano,23.0,1.0,2.0,0.0,4.0,0.0,1.1,105,4.6,4.0,9,5.0,11.0,105.0
20315,2025/26,25,Barcelona,Balde,Desconocido,22,ES,60%,Sano,20.0,0.0,2.0,0.0,2.0,0.0,1.5,93,4.7,1.0,9,5.0,12.0,93.0
20315,2025/26,25,Barcelona,Eric García,Desconocido,25,ES,70%,Lesionado/Duda,24.0,1.0,1.0,0.0,3.0,0.0,1.8,126,5.3,3.0,9,5.0,14.0,126.0
20315,2025/26,25,Barcelona,Joan Garcia,Portero,24,ES,95%,Sano,18.0,0.0,0.0,0.0,1.0,0.0,1.9,162,9.0,11.0,12,9.0,31.0,162.0
20315,2025/26,25,Barcelona,Cubarsí,Desconocido,19,ES,90%,Sano,20.0,1.0,0.0,0.0,1.0,0.0,2.0,105,5.3,12.0,7,3.0,14.0,105.0
20315,2025/26,25,Barcelona,Raphinha,Desconocido,29,BR,90%,Sano,15.0,8.0,3.0,0.0,2.0,0.0,1.8,127,8.5,5.0,0,4.0,20.0,127.0
20315,2025/26,25,Barcelona,F. de Jong,Desconocido,28,NL,90%,Sano,18.0,0.0,4.0,0.0,6.0,1.0,1.4,104,5.8,2.0,0,12.0,17.0,104.0
20315,2025/26,25,Barcelona,Ferran,Desconocido,25,ES,50%,Sano,22.0,12.0,1.0,0.0,2.0,0.0,1.1,144,6.5,3.0,1,11.0,20.0,144.0
20315,2025/26,25,Barcelona,Yamal,Desconocido,18,ES,95%,Sano,20.0,10.0,8.0,0.0,0.0,0.0,1.8,237,11.9,5.0,11,13.0,43.0,237.0
20315,2025/26,25,Barcelona,Lewandowski,Desconocido,37,PL,50%,Sano,19.0,10.0,1.0,0.0,2.0,0.0,1.3,108,5.7,2.0,10,2.0,11.0,108.0
20315,2025/26,25,Barcelona,Martín,Desconocido,23,ES,50%,Sano,20.0,0.0,0.0,0.0,4.0,0.0,1.0,82,4.1,4.0,0,0.0,10.0,82.0
20315,2025/26,25,Barcelona,Casadó,Desconocido,22,ES,40%,Sano,16.0,0.0,1.0,0.0,0.0,0.0,2.0,50,3.1,0.0,6,2.0,7.0,50.0
20315,2025/26,25,Barcelona,Cancelo,Desconocido,31,PT,40%,Sano,3.0,0.0,0.0,0.0,0.0,0.0,1.0,13,4.3,0.0,2,0.0,,
20315,2025/26,25,Barcelona,Araújo,Desconocido,26,UY,30%,Sano,13.0,2.0,0.0,0.0,2.0,0.0,0.8,48,3.7,1.0,0,2.0,8.0,48.0
20315,2025/26,25,Barcelona,Bernal,Desconocido,18,ES,20%,Sano,11.0,1.0,1.0,0.0,2.0,0.0,1.8,31,2.8,2.0,10,2.0,5.0,31.0
20315,2025/26,25,Barcelona,Bardghji,Desconocido,20,SE,15%,Sano,13.0,1.0,1.0,0.0,0.0,0.0,1.0,43,3.3,2.0,2,0.0,6.0,43.0
20315,2025/26,25,Barcelona,Rashford,Desconocido,28,EN,10%,Lesionado/Duda,21.0,4.0,6.0,0.0,2.0,0.0,2.6,121,5.8,0.0,4,8.0,14.0,121.0
20315,2025/26,25,Barcelona,Szczesny,Desconocido,35,PL,5%,Sano,6.0,0.0,0.0,1.0,0.0,0.0,-1.0,32,5.3,0.0,0,0.0,9.0,32.0
20315,2025/26,25,Barcelona,Pedri,Desconocido,23,ES,0%,Lesionado/Duda,16.0,2.0,5.0,0.0,2.0,1.0,-1.0,124,7.8,0.0,0,0.0,23.0,124.0
20315,2025/26,25,Barcelona,Gavi,Desconocido,21,ES,0%,Lesionado/Duda,2.0,0.0,1.0,0.0,0.0,0.0,-1.0,8,4.0,0.0,0,0.0,5.0,8.0
20315,2025/26,25,Barcelona,A. Christensen,Desconocido,29,DK,0%,Lesionado/Duda,12.0,0.0,0.0,0.0,1.0,0.0,-1.0,29,2.4,0.0,0,0.0,5.0,29.0
20320,2025/26,25,Betis,Bakambu,Desconocido,34,CD,70%,Sano,10.0,2.0,0.0,0.0,0.0,0.0,1.6,32,3.2,9.0,5,0.0,6.0,32.0
20320,2025/26,25,Betis,Natan,Desconocido,25,BR,80%,Sano,22.0,0.0,0.0,0.0,5.0,0.0,2.0,126,5.7,6.0,8,0.0,16.0,126.0
20320,2025/26,25,Betis,Fidalgo,Desconocido,28,ES,70%,Sano,2.0,0.0,0.0,0.0,0.0,0.0,2.0,9,4.5,4.0,5,0.0,,
20320,2025/26,25,Betis,Antony,Desconocido,25,BR,80%,Sano,19.0,6.0,5.0,0.0,1.0,1.0,1.7,147,7.7,12.0,10,6.0,25.0,147.0
20320,2025/26,25,Betis,D. Llorente,Desconocido,32,ES,70%,Sano,7.0,1.0,0.0,0.0,1.0,0.0,1.5,36,5.1,2.0,11,4.0,7.0,36.0
20320,2025/26,25,Betis,Fornals,Desconocido,29,ES,90%,Sano,24.0,6.0,4.0,0.0,1.0,0.0,1.8,183,7.6,9.0,6,9.0,25.0,183.0
20320,2025/26,25,Betis,Marc Roca,Desconocido,29,ES,90%,Sano,19.0,0.0,1.0,0.0,1.0,0.0,2.1,86,4.5,6.0,7,4.0,11.0,86.0
20320,2025/26,25,Betis,Abde,Desconocido,24,MA,90%,Sano,15.0,5.0,4.0,0.0,2.0,0.0,2.0,119,7.9,10.0,10,5.0,22.0,119.0
20320,2025/26,25,Betis,Valles,Portero,28,ES,70%,Sano,16.0,0.0,0.0,1.0,1.0,0.0,1.6,113,7.1,4.0,12,13.0,22.0,113.0
20320,2025/26,25,Betis,Ruibal,Desconocido,29,ES,80%,Sano,19.0,4.0,1.0,0.0,3.0,0.0,1.2,95,5.0,4.0,5,4.0,11.0,95.0
20320,2025/26,25,Betis,Rodríguez,Desconocido,33,CH,70%,Sano,16.0,0.0,1.0,0.0,0.0,0.0,1.3,67,4.2,3.0,8,3.0,10.0,67.0
20320,2025/26,25,Betis,Bartra,Desconocido,35,ES,40%,Sano,20.0,1.0,0.0,0.0,3.0,0.0,1.2,114,5.7,3.0,2,5.0,16.0,114.0
20320,2025/26,25,Betis,Pau López,Desconocido,31,ES,30%,Sano,8.0,0.0,0.0,1.0,1.0,0.0,-1.0,56,7.0,0.0,0,0.0,11.0,56.0
20320,2025/26,25,Betis,Valentín Gómez,Desconocido,22,AR,30%,Sano,17.0,1.0,0.0,0.0,4.0,0.0,-1.0,67,3.9,0.0,0,2.0,10.0,67.0
20320,2025/26,25,Betis,Deossa,Desconocido,26,CO,30%,Sano,14.0,0.0,0.0,0.0,2.0,0.0,1.8,42,3.0,2.0,3,3.0,6.0,42.0
20320,2025/26,25,Betis,Cucho,Desconocido,26,CO,20%,Lesionado/Duda,19.0,8.0,3.0,0.0,2.0,0.0,-1.0,127,6.7,0.0,0,0.0,21.0,127.0
20320,2025/26,25,Betis,Ortiz,Desconocido,21,ES,20%,Sano,10.0,0.0,0.0,0.0,1.0,0.0,1.0,25,2.5,2.0,0,2.0,5.0,25.0
20320,2025/26,25,Betis,Riquelme,Desconocido,25,ES,20%,Sano,17.0,0.0,1.0,0.0,1.0,0.0,1.0,45,2.6,0.0,2,0.0,6.0,45.0
20320,2025/26,25,Betis,Altimira,Desconocido,24,ES,20%,Sano,16.0,1.0,1.0,0.0,2.0,0.0,1.0,60,3.8,2.0,2,2.0,8.0,60.0
20320,2025/26,25,Betis,Chimy,Desconocido,32,AR,10%,Lesionado/Duda,10.0,1.0,0.0,0.0,4.0,0.0,1.5,22,2.2,0.0,0,9.0,4.0,22.0
20320,2025/26,25,Betis,Pablo García,Desconocido,19,ES,10%,Sano,14.0,0.0,0.0,0.0,1.0,0.0,1.0,31,2.2,0.0,0,2.0,5.0,31.0
20320,2025/26,25,Betis,Junior,Desconocido,29,DO,10%,Sano,8.0,0.0,1.0,0.0,2.0,0.0,-1.0,29,3.6,0.0,0,0.0,7.0,29.0
20320,2025/26,25,Betis,Bellerín,Desconocido,30,ES,0%,Lesionado/Duda,16.0,0.0,2.0,0.0,1.0,0.0,-1.0,68,4.3,0.0,0,0.0,10.0,68.0
20320,2025/26,25,Betis,Adrián,Desconocido,39,ES,0%,Sano,0.0,0.0,0.0,0.0,0.0,0.0,-1.0,0,0.0,0.0,0,0.0,1.0,0.0
20320,2025/26,25,Betis,Isco,Desconocido,33,ES,0%,Lesionado/Duda,1.0,0.0,1.0,0.0,0.0,0.0,-1.0,10,10.0,0.0,0,0.0,11.0,10.0
20320,2025/26,25,Betis,Lo Celso,Desconocido,29,AR,0%,Lesionado/Duda,17.0,2.0,2.0,0.0,3.0,0.0,-1.0,93,5.5,0.0,0,0.0,10.0,93.0
20320,2025/26,25,Betis,S. Amrabat,Desconocido,29,MA,0%,Lesionado/Duda,8.0,0.0,0.0,0.0,3.0,0.0,-1.0,32,4.0,0.0,0,0.0,8.0,32.0
20316,2025/26,25,Celta,Manu Fernández,Desconocido,24,ES,70%,Sano,12.0,0.0,0.0,0.0,2.0,0.0,-1.0,41,3.4,0.0,0,0.0,7.0,41.0
20316,2025/26,25,Celta,Radu,Portero,28,RO,95%,Sano,24.0,0.0,0.0,2.0,0.0,0.0,1.2,166,6.9,3.0,1,10.0,22.0,166.0
20316,2025/26,25,Celta,Vecino,Desconocido,34,UY,70%,Sano,1.0,0.0,0.0,0.0,0.0,0.0,1.0,2,2.0,2.0,0,0.0,,
20316,2025/26,25,Celta,Durán,Desconocido,24,ES,70%,Sano,19.0,2.0,2.0,0.0,0.0,0.0,1.3,71,3.7,8.0,0,2.0,9.0,71.0
20316,2025/26,25,Celta,El-Abdellaoui,Desconocido,20,MA,50%,Sano,14.0,2.0,0.0,0.0,0.0,0.0,1.0,43,3.1,0.0,3,3.0,6.0,43.0
20316,2025/26,25,Celta,Jutglà,Desconocido,27,ES,60%,Sano,16.0,3.0,1.0,0.0,3.0,0.0,1.6,61,3.8,8.0,2,0.0,8.0,61.0
20316,2025/26,25,Celta,Fer López,Desconocido,21,ES,70%,Sano,3.0,0.0,0.0,0.0,0.0,0.0,1.5,13,4.3,5.0,2,6.0,,
20316,2025/26,25,Celta,Hugo Álvarez,Desconocido,22,ES,50%,Sano,15.0,2.0,1.0,0.0,2.0,0.0,1.8,54,3.6,0.0,3,2.0,7.0,54.0
20316,2025/26,25,Celta,Rueda,Desconocido,23,ES,70%,Sano,17.0,2.0,4.0,0.0,4.0,0.0,1.2,97,5.7,8.0,1,2.0,10.0,97.0
20316,2025/26,25,Celta,M. Alonso,Desconocido,35,ES,50%,Sano,21.0,1.0,0.0,0.0,2.0,0.0,1.7,135,6.4,7.0,4,10.0,19.0,135.0
20316,2025/26,25,Celta,Starfelt,Desconocido,30,SE,50%,Sano,17.0,0.0,0.0,0.0,3.0,1.0,1.2,95,5.6,4.0,2,8.0,15.0,95.0
20316,2025/26,25,Celta,Román,Desconocido,23,ES,40%,Sano,16.0,1.0,0.0,0.0,3.0,0.0,1.7,78,4.9,5.0,8,7.0,10.0,78.0
20316,2025/26,25,Celta,Carreira,Desconocido,25,ES,40%,Sano,21.0,2.0,1.0,0.0,2.0,0.0,1.4,95,4.5,2.0,1,3.0,11.0,95.0
20316,2025/26,25,Celta,Iglesias,Desconocido,33,ES,40%,Sano,22.0,10.0,2.0,0.0,4.0,0.0,1.8,126,5.7,9.0,9,3.0,16.0,126.0
20316,2025/26,25,Celta,Ristic,Desconocido,30,RS,30%,Sano,4.0,0.0,0.0,0.0,0.0,0.0,-1.0,13,3.3,0.0,0,0.0,5.0,13.0
20316,2025/26,25,Celta,Aspas,Desconocido,38,ES,30%,Sano,21.0,2.0,3.0,0.0,3.0,0.0,1.2,92,4.4,1.0,5,2.0,9.0,92.0
20316,2025/26,25,Celta,Lago,Desconocido,21,ES,30%,Sano,4.0,0.0,0.0,0.0,2.0,0.0,-1.0,10,2.5,0.0,0,0.0,5.0,10.0
20316,2025/26,25,Celta,Swedberg,Desconocido,22,SE,30%,Sano,17.0,3.0,0.0,0.0,1.0,0.0,1.4,63,3.7,2.0,4,6.0,8.0,63.0
20316,2025/26,25,Celta,Mingueza,Desconocido,26,ES,30%,Sano,21.0,1.0,2.0,0.0,3.0,0.0,1.0,85,4.0,2.0,1,6.0,10.0,85.0
20316,2025/26,25,Celta,Aidoo,Desconocido,30,GH,30%,Sano,3.0,0.0,0.0,0.0,0.0,0.0,-1.0,9,3.0,0.0,0,0.0,5.0,9.0
20316,2025/26,25,Celta,Javi Rodríguez,Desconocido,22,ES,30%,Sano,20.0,0.0,0.0,0.0,3.0,0.0,1.3,78,3.9,2.0,2,9.0,11.0,78.0
20316,2025/26,25,Celta,Moriba,Desconocido,23,GN,30%,Sano,24.0,0.0,1.0,0.0,4.0,0.0,1.0,76,3.2,2.0,2,3.0,10.0,76.0
20316,2025/26,25,Celta,Domínguez,Desconocido,25,ES,20%,Sano,6.0,0.0,0.0,0.0,1.0,0.0,-1.0,21,3.5,0.0,0,0.0,6.0,21.0
20316,2025/26,25,Celta,Sotelo,Desconocido,22,ES,10%,Lesionado/Duda,14.0,0.0,1.0,0.0,2.0,0.0,-1.0,65,4.6,0.0,0,0.0,10.0,65.0
20316,2025/26,25,Celta,Iván Villar,Desconocido,28,ES,5%,Sano,0.0,0.0,0.0,0.0,0.0,0.0,-1.0,0,0.0,0.0,0,0.0,1.0,0.0
20316,2025/26,25,Celta,Cervi,Desconocido,31,AR,0%,Sano,0.0,0.0,0.0,0.0,0.0,0.0,-1.0,0,0.0,0.0,0,0.0,1.0,0.0
20316,2025/26,25,Celta,Marc Vidal,Desconocido,26,ES,0%,Sano,0.0,0.0,0.0,0.0,0.0,0.0,-1.0,0,0.0,0.0,0,0.0,0.6,0.0
20316,2025/26,25,Celta,Á. Núñez,Desconocido,25,ES,0%,Lesionado/Duda,,,,,,,-1.0,108,5.7,0.0,0,0.0,16.0,108.0
20313,2025/26,25,Elche,Alvaro R.,Desconocido,21,UY,80%,Sano,21.0,5.0,4.0,0.0,0.0,0.0,1.6,109,5.2,5.0,3,8.0,14.0,113.0
20313,2025/26,25,Elche,Chust,Desconocido,25,ES,70%,Sano,18.0,0.0,0.0,0.0,7.0,1.0,1.5,54,3.0,8.0,0,3.0,10.0,57.0
20313,2025/26,25,Elche,Dituro,Portero,38,AR,60%,Sano,8.0,0.0,0.0,0.0,1.0,0.0,1.0,57,7.1,10.0,0,0.0,11.0,62.0
20313,2025/26,25,Elche,Valera,Desconocido,23,ES,90%,Sano,23.0,4.0,3.0,0.0,2.0,0.0,1.7,141,6.1,7.0,1,9.0,18.0,146.0
20313,2025/26,25,Elche,Aguado,Desconocido,25,ES,70%,Sano,23.0,0.0,1.0,0.0,2.0,0.0,1.0,89,3.9,5.0,2,0.0,11.0,93.0
20313,2025/26,25,Elche,Febas,Desconocido,30,ES,95%,Sano,23.0,2.0,1.0,0.0,6.0,0.0,2.0,124,5.4,9.0,0,0.0,15.0,126.0
20313,2025/26,25,Elche,André Silva,Desconocido,30,PT,80%,Sano,18.0,5.0,0.0,0.0,1.0,0.0,1.1,81,4.5,5.0,9,1.0,10.0,88.0
20313,2025/26,25,Elche,Bigas,Desconocido,35,ES,90%,Sano,17.0,0.0,2.0,0.0,2.0,0.0,1.3,88,5.2,10.0,2,0.0,13.0,86.0
20313,2025/26,25,Elche,Affengruber,Desconocido,24,AT,50%,Sano,22.0,0.0,0.0,0.0,5.0,1.0,1.2,94,4.3,0.0,-1,-1.0,11.0,96.0
20313,2025/26,25,Elche,Tete Morente,Desconocido,29,ES,70%,Sano,1.0,0.0,0.0,0.0,1.0,0.0,1.0,1,1.0,1.0,0,0.0,,
20313,2025/26,25,Elche,Cepeda,Desconocido,23,CL,60%,Sano,3.0,0.0,0.0,0.0,0.0,0.0,1.2,10,3.3,5.0,3,2.0,,
20313,2025/26,25,Elche,Pétrot,Desconocido,28,FR,50%,Sano,21.0,0.0,0.0,0.0,1.0,0.0,1.0,47,2.2,7.0,1,2.0,7.0,49.0
20313,2025/26,25,Elche,Peña,Desconocido,26,ES,40%,Sano,16.0,0.0,0.0,0.0,0.0,0.0,1.2,102,6.4,0.0,5,4.0,19.0,102.0
20313,2025/26,25,Elche,Martim Neto,Desconocido,23,PT,40%,Sano,20.0,2.0,4.0,0.0,1.0,0.0,0.9,104,5.2,2.0,1,2.0,11.0,104.0
20313,2025/26,25,Elche,Pedrosa,Desconocido,27,ES,40%,Sano,15.0,1.0,1.0,0.0,4.0,0.0,0.8,42,2.6,0.0,1,1.0,7.0,44.0
20313,2025/26,25,Elche,John C.,Desconocido,25,ES,30%,Sano,14.0,1.0,0.0,0.0,2.0,0.0,0.7,31,2.2,2.0,-1,0.0,5.0,31.0
20313,2025/26,25,Elche,Rafa Mir,Desconocido,28,ES,20%,Sano,19.0,6.0,0.0,0.0,1.0,0.0,-1.0,92,4.8,1.0,0,0.0,12.0,93.0
20313,2025/26,25,Elche,Villar,Desconocido,27,ES,20%,Sano,1.0,0.0,0.0,0.0,1.0,0.0,1.0,0,0.0,0.0,0,0.0,,
20313,2025/26,25,Elche,Sangaré,Desconocido,18,ES,20%,Sano,0.0,0.0,0.0,0.0,0.0,0.0,-1.0,0,0.0,0.0,0,0.0,,
20313,2025/26,25,Elche,Adam Boayar,Desconocido,20,MA,10%,Sano,6.0,1.0,0.0,0.0,0.0,0.0,1.0,17,2.8,0.0,0,2.0,4.0,19.0
20313,2025/26,25,Elche,Santiago,Desconocido,22,ES,10%,Sano,8.0,0.0,0.0,0.0,1.0,0.0,-1.0,19,2.4,2.0,0,0.0,5.0,19.0
20313,2025/26,25,Elche,Redondo,Desconocido,23,AR,5%,Sano,7.0,0.0,0.0,0.0,0.0,1.0,0.5,11,1.6,0.0,0,1.0,3.0,11.0
20313,2025/26,25,Elche,Iturbe,Desconocido,22,ES,0%,Sano,0.0,0.0,0.0,0.0,0.0,0.0,-1.0,0,0.0,0.0,0,0.0,1.0,0.0
20313,2025/26,25,Elche,Josan,Desconocido,36,ES,0%,Sano,12.0,0.0,2.0,0.0,2.0,0.0,-1.0,48,4.0,0.0,0,0.0,7.0,48.0
20313,2025/26,25,Elche,Diangana,Desconocido,27,CD,0%,Lesionado/Duda,13.0,1.0,0.0,0.0,2.0,0.0,1.3,31,2.4,0.0,0,2.0,6.0,31.0
20313,2025/26,25,Elche,Fort,Desconocido,19,ES,0%,Lesionado/Duda,9.0,1.0,2.0,0.0,0.0,0.0,-1.0,36,4.0,0.0,0,0.0,8.0,36.0
20314,2025/26,25,Espanyol,Romero,Desconocido,24,ES,95%,Sano,22.0,4.0,2.0,0.0,2.0,0.0,1.5,122,5.5,2.0,0,-1.0,16.0,122.0
20314,2025/26,25,Espanyol,Kike García,Desconocido,36,ES,50%,Sano,23.0,4.0,1.0,0.0,3.0,0.0,1.4,83,3.6,8.0,2,2.0,9.0,83.0
20314,2025/26,25,Espanyol,El Hilali,Desconocido,22,MA,80%,Sano,22.0,0.0,2.0,0.0,5.0,0.0,1.3,70,3.2,1.0,-2,0.0,10.0,70.0
20314,2025/26,25,Espanyol,Riedel,Desconocido,22,DE,70%,Sano,11.0,0.0,1.0,0.0,3.0,0.0,0.9,41,3.7,5.0,-2,-1.0,8.0,41.0
20314,2025/26,25,Espanyol,Urko,Desconocido,24,ES,60%,Sano,22.0,0.0,1.0,0.0,3.0,0.0,1.4,68,3.0,3.0,0,2.0,10.0,68.0
20314,2025/26,25,Espanyol,Pere Milla,Desconocido,33,ES,60%,Sano,22.0,6.0,0.0,0.0,4.0,1.0,0.9,107,4.9,3.0,4,2.0,12.0,107.0
20314,2025/26,25,Espanyol,Terrats,Desconocido,25,ES,50%,Sano,16.0,1.0,1.0,0.0,0.0,0.0,1.3,58,3.6,8.0,0,2.0,7.0,58.0
20314,2025/26,25,Espanyol,Lozano,Desconocido,26,ES,70%,Sano,22.0,1.0,0.0,0.0,6.0,0.0,1.6,64,2.9,4.0,3,0.0,10.0,64.0
20314,2025/26,25,Espanyol,Dolan,Desconocido,24,EN,70%,Sano,23.0,1.0,3.0,0.0,4.0,1.0,1.3,99,4.3,8.0,1,2.0,10.0,99.0
20314,2025/26,25,Espanyol,Dmitrovic,Portero,34,RS,95%,Sano,24.0,0.0,0.0,0.0,0.0,0.0,1.4,136,5.7,3.0,-3,6.0,16.0,136.0
20314,2025/26,25,Espanyol,Cabrera,Desconocido,34,UY,95%,Sano,23.0,3.0,0.0,0.0,2.0,0.0,0.7,110,4.8,-1.0,7,0.0,12.0,110.0
20314,2025/26,25,Espanyol,Edu Expósito,Desconocido,29,ES,50%,Sano,23.0,0.0,5.0,0.0,4.0,0.0,1.0,135,5.9,2.0,-3,7.0,17.0,135.0
20314,2025/26,25,Espanyol,Roberto,Desconocido,23,ES,50%,Sano,24.0,5.0,2.0,0.0,1.0,0.0,0.9,111,4.6,2.0,-1,7.0,11.0,111.0
20314,2025/26,25,Espanyol,Pickel,Desconocido,28,CD,40%,Sano,15.0,0.0,0.0,0.0,1.0,0.0,1.3,34,2.3,2.0,2,2.0,5.0,34.0
20314,2025/26,25,Espanyol,Ngongé,Desconocido,25,BE,40%,Sano,2.0,0.0,1.0,0.0,0.0,0.0,1.0,14,7.0,6.0,8,0.0,,
20314,2025/26,25,Espanyol,Jofre,Desconocido,24,ES,30%,Sano,16.0,0.0,0.0,0.0,1.0,0.0,1.2,44,2.8,1.0,0,3.0,7.0,44.0
20314,2025/26,25,Espanyol,Roca,Desconocido,23,ES,30%,Sano,8.0,0.0,0.0,0.0,1.0,0.0,1.0,10,1.3,0.0,1,0.0,3.0,10.0
20314,2025/26,25,Espanyol,Calero,Desconocido,30,ES,30%,Lesionado/Duda,19.0,0.0,0.0,0.0,3.0,0.0,0.7,93,4.9,0.0,1,3.0,13.0,93.0
20314,2025/26,25,Espanyol,Rubén Sánchez,Desconocido,25,ES,20%,Sano,13.0,0.0,0.0,0.0,2.0,0.0,1.0,38,2.9,0.0,0,2.0,6.0,38.0
20314,2025/26,25,Espanyol,Miguel Rubio,Desconocido,27,ES,5%,Sano,8.0,1.0,0.0,0.0,0.0,0.0,-1.0,23,2.9,0.0,0,2.0,5.0,23.0
20314,2025/26,25,Espanyol,Salinas,Desconocido,25,ES,5%,Sano,9.0,0.0,0.0,0.0,2.0,0.0,0.0,6,0.7,0.0,-5,0.0,3.0,6.0
20314,2025/26,25,Espanyol,Fortuño,Desconocido,24,ES,5%,Sano,0.0,0.0,0.0,0.0,0.0,0.0,-1.0,0,0.0,0.0,0,0.0,1.0,0.0
20314,2025/26,25,Espanyol,Puado,Desconocido,27,ES,0%,Lesionado/Duda,10.0,2.0,0.0,0.0,2.0,0.0,-1.0,42,4.2,0.0,0,0.0,8.0,42.0
20318,2025/26,25,Getafe,Soria,Portero,32,ES,95%,Sano,24.0,0.0,0.0,0.0,2.0,0.0,1.8,138,5.8,3.0,12,10.0,16.0,138.0
20318,2025/26,25,Getafe,D. Duarte,Desconocido,30,PT,80%,Sano,21.0,0.0,0.0,0.0,8.0,0.0,1.2,95,4.5,5.0,6,8.0,11.0,95.0
20318,2025/26,25,Getafe,Romero,Desconocido,26,AR,90%,Sano,4.0,0.0,0.0,0.0,1.0,0.0,1.2,28,7.0,5.0,10,9.0,,
20318,2025/26,25,Getafe,Djené,Desconocido,34,TG,90%,Sano,23.0,0.0,0.0,0.0,6.0,0.0,1.2,97,4.2,4.0,8,9.0,11.0,97.0
20318,2025/26,25,Getafe,Iglesias,Desconocido,27,ES,90%,Sano,23.0,1.0,2.0,0.0,2.0,0.0,1.4,95,4.1,10.0,5,8.0,11.0,95.0
20318,2025/26,25,Getafe,Femenia,Desconocido,35,ES,80%,Sano,19.0,0.0,1.0,0.0,2.0,0.0,1.2,78,4.1,3.0,7,5.0,11.0,78.0
20318,2025/26,25,Getafe,Luis Milla,Desconocido,31,ES,95%,Sano,23.0,0.0,8.0,0.0,2.0,1.0,1.8,169,7.3,3.0,14,10.0,23.0,169.0
20318,2025/26,25,Getafe,Abqar,Desconocido,26,MA,70%,Sano,12.0,0.0,1.0,0.0,6.0,0.0,1.0,45,3.8,3.0,1,0.0,8.0,45.0
20318,2025/26,25,Getafe,Arambarri,Desconocido,30,UY,95%,Sano,24.0,5.0,1.0,0.0,3.0,0.0,1.9,130,5.4,13.0,13,5.0,15.0,130.0
20318,2025/26,25,Getafe,Luis Vázquez,Desconocido,24,AR,90%,Sano,4.0,2.0,0.0,0.0,0.0,0.0,1.3,29,7.3,5.0,10,5.0,,
20318,2025/26,25,Getafe,Satriano,Desconocido,25,UY,90%,Sano,5.0,1.0,0.0,0.0,2.0,0.0,1.4,23,4.6,9.0,7,3.0,,
20318,2025/26,25,Getafe,Diego Rico,Desconocido,32,ES,30%,Sano,20.0,0.0,0.0,0.0,3.0,0.0,-1.0,58,2.9,-1.0,2,0.0,10.0,58.0
20318,2025/26,25,Getafe,Liso,Desconocido,20,ES,30%,Sano,20.0,3.0,0.0,0.0,2.0,0.0,1.0,67,3.4,2.0,5,1.0,10.0,67.0
20318,2025/26,25,Getafe,Boselli,Desconocido,22,UY,20%,Sano,3.0,0.0,0.0,0.0,0.0,0.0,1.0,4,1.3,2.0,0,1.0,,
20318,2025/26,25,Getafe,Birmancevic,Desconocido,27,RS,20%,Sano,0.0,0.0,0.0,0.0,0.0,0.0,-1.0,0,0.0,0.0,0,0.0,,
20318,2025/26,25,Getafe,Javi Muñoz,Desconocido,30,ES,10%,Sano,13.0,0.0,0.0,0.0,0.0,0.0,1.0,29,2.2,1.0,0,2.0,5.0,29.0
20318,2025/26,25,Getafe,Nyom,Desconocido,37,CM,10%,Sano,10.0,0.0,0.0,0.0,4.0,1.0,-1.0,7,0.7,1.0,1,1.0,3.0,7.0
20318,2025/26,25,Getafe,Sancris,Desconocido,29,ES,10%,Sano,15.0,0.0,1.0,0.0,3.0,1.0,-1.0,36,2.4,0.0,0,1.0,6.0,36.0
20318,2025/26,25,Getafe,Letácek,Desconocido,27,CZ,5%,Sano,0.0,0.0,0.0,0.0,0.0,0.0,-1.0,0,0.0,0.0,0,0.0,1.0,0.0
20318,2025/26,25,Getafe,Juanmi,Desconocido,32,ES,0%,Sano,8.0,1.0,0.0,0.0,0.0,0.0,-1.0,18,2.3,0.0,0,0.0,4.0,18.0
20318,2025/26,25,Getafe,Mayoral,Desconocido,28,ES,0%,Lesionado/Duda,14.0,4.0,1.0,0.0,0.0,0.0,-1.0,67,4.8,0.0,0,0.0,10.0,67.0
20318,2025/26,25,Getafe,Mario Martín,Desconocido,21,ES,0%,Lesionado/Duda,22.0,2.0,0.0,0.0,8.0,0.0,1.2,58,2.6,0.0,0,6.0,10.0,58.0
20318,2025/26,25,Getafe,Kamara,Desconocido,22,EN,0%,Lesionado/Duda,9.0,0.0,0.0,0.0,1.0,0.0,-1.0,16,1.8,0.0,0,0.0,4.0,16.0
20318,2025/26,25,Getafe,Davinchi,Desconocido,18,ES,0%,Lesionado/Duda,7.0,0.0,0.0,0.0,1.0,0.0,-1.0,19,2.7,0.0,0,0.0,6.0,19.0
20317,2025/26,25,Girona,Vitor Reis,Desconocido,20,BR,95%,Sano,23.0,1.0,1.0,0.0,4.0,1.0,1.9,114,5.0,5.0,3,6.0,13.0,114.0
20317,2025/26,25,Girona,Vanat,Desconocido,24,UA,90%,Sano,21.0,7.0,1.0,0.0,4.0,0.0,1.1,104,5.0,11.0,1,2.0,13.0,104.0
20317,2025/26,25,Girona,Bryan Gil,Desconocido,25,ES,80%,Sano,21.0,0.0,3.0,0.0,4.0,0.0,2.2,88,4.2,6.0,4,7.0,10.0,88.0
20317,2025/26,25,Girona,Lemar,Desconocido,30,FR,90%,Sano,15.0,2.0,1.0,0.0,2.0,0.0,2.1,70,4.7,11.0,14,3.0,9.0,70.0
20317,2025/26,25,Girona,Iván Martín,Desconocido,27,ES,90%,Sano,22.0,0.0,1.0,0.0,5.0,1.0,1.6,104,4.7,4.0,5,7.0,12.0,104.0
20317,2025/26,25,Girona,Beltrán,Desconocido,27,ES,60%,Sano,4.0,1.0,0.0,0.0,1.0,0.0,1.9,56,4.0,10.0,4,4.0,8.0,56.0
20317,2025/26,25,Girona,Tsygankov,Desconocido,28,UA,90%,Sano,18.0,4.0,2.0,0.0,1.0,0.0,1.6,101,5.6,4.0,4,4.0,16.0,101.0
20317,2025/26,25,Girona,Blind,Desconocido,35,NL,95%,Sano,22.0,0.0,0.0,0.0,1.0,0.0,1.5,102,4.6,7.0,5,5.0,11.0,102.0
20317,2025/26,25,Girona,Gazzaniga,Portero,34,AR,95%,Sano,21.0,0.0,0.0,0.0,4.0,1.0,1.6,112,5.3,9.0,5,0.0,15.0,112.0
20317,2025/26,25,Girona,Rincón,Desconocido,23,ES,90%,Sano,21.0,0.0,1.0,0.0,2.0,0.0,1.2,57,2.7,4.0,7,2.0,9.0,57.0
20317,2025/26,25,Girona,Arnau,Desconocido,22,ES,95%,Sano,21.0,1.0,1.0,0.0,5.0,0.0,1.7,110,5.2,4.0,9,10.0,14.0,110.0
20317,2025/26,25,Girona,Witsel,Desconocido,37,BE,50%,Sano,18.0,1.0,0.0,0.0,3.0,1.0,1.2,71,3.9,3.0,1,2.0,11.0,71.0
20317,2025/26,25,Girona,Echeverri,Desconocido,20,AR,30%,Sano,4.0,0.0,0.0,0.0,1.0,0.0,1.2,13,3.3,6.0,0,5.0,,
20317,2025/26,25,Girona,Francés,Desconocido,23,ES,20%,Sano,14.0,0.0,0.0,0.0,1.0,1.0,1.0,32,2.3,2.0,2,0.0,5.0,32.0
20317,2025/26,25,Girona,Stuani,Desconocido,39,UY,10%,Sano,12.0,3.0,0.0,0.0,2.0,0.0,0.4,35,2.9,0.0,-1,2.0,5.0,35.0
20317,2025/26,25,Girona,Abel Ruiz,Desconocido,26,ES,10%,Sano,3.0,0.0,0.0,0.0,0.0,0.0,-1.0,4,1.3,0.0,0,0.0,3.0,4.0
20317,2025/26,25,Girona,David López,Desconocido,36,ES,5%,Sano,3.0,0.0,0.0,0.0,0.0,0.0,-1.0,4,1.3,0.0,0,0.0,3.0,4.0
20317,2025/26,25,Girona,Rubén,Desconocido,30,ES,5%,Sano,0.0,0.0,0.0,0.0,0.0,0.0,-1.0,0,0.0,0.0,0,0.0,,
20317,2025/26,25,Girona,Lass,Desconocido,21,GN,0%,Sano,5.0,0.0,0.0,0.0,0.0,1.0,-1.0,0,0.0,0.0,0,0.0,1.0,0.0
20317,2025/26,25,Girona,Ounahi,Desconocido,25,MA,0%,Lesionado/Duda,10.0,3.0,1.0,0.0,6.0,0.0,-1.0,77,7.7,0.0,0,0.0,13.0,77.0
20317,2025/26,25,Girona,Krapyvtsov,Desconocido,20,UA,0%,Sano,2.0,0.0,0.0,0.0,0.0,0.0,-1.0,3,1.5,0.0,0,0.0,,
20317,2025/26,25,Girona,Artero,Desconocido,23,ES,0%,Lesionado/Duda,,,,,,,-1.0,0,0.0,0.0,0,0.0,,
20317,2025/26,25,Girona,Ter Stegen,Desconocido,33,DE,0%,Lesionado/Duda,2.0,0.0,0.0,0.0,0.0,0.0,1.0,12,6.0,0.0,0,8.0,8.0,12.0
20317,2025/26,25,Girona,Álex Moreno,Desconocido,32,ES,0%,Lesionado/Duda,21.0,0.0,3.0,0.0,4.0,0.0,2.0,88,4.2,0.0,0,6.0,10.0,88.0
20317,2025/26,25,Girona,Van de Beek,Desconocido,28,NL,0%,Lesionado/Duda,2.0,0.0,0.0,0.0,0.0,0.0,-1.0,4,2.0,0.0,0,0.0,3.0,4.0
20317,2025/26,25,Girona,Roca,Desconocido,20,ES,0%,Sano,20.0,1.0,1.0,0.0,3.0,1.0,0.7,52,2.6,4.0,1,0.0,7.0,52.0
20317,2025/26,25,Girona,Juan Carlos,Desconocido,38,ES,0%,Lesionado/Duda,0.0,0.0,0.0,0.0,0.0,0.0,-1.0,0,0.0,0.0,0,0.0,1.0,0.0
20315,2025/26,25,Levante,Toljan,Desconocido,31,DE,80%,Sano,23.0,1.0,3.0,0.0,6.0,0.0,1.0,71,3.1,1.0,0,-2.0,10.0,71.0
20315,2025/26,25,Levante,Manu Sánchez,Desconocido,25,ES,80%,Sano,20.0,1.0,1.0,0.0,5.0,0.0,0.7,62,3.1,0.0,2,-2.0,10.0,62.0
20315,2025/26,25,Levante,Moreno,Desconocido,22,AR,70%,Sano,16.0,0.0,0.0,0.0,4.0,0.0,0.6,69,4.3,4.0,-1,0.0,10.0,69.0
20315,2025/26,25,Levante,Etta Eyong,Desconocido,22,CM,60%,Sano,19.0,5.0,1.0,0.0,2.0,0.0,0.8,105,4.8,2.0,2,1.0,13.0,105.0
20315,2025/26,25,Levante,Tunde,Desconocido,20,ES,80%,Sano,8.0,0.0,0.0,0.0,0.0,0.0,1.6,17,2.1,2.0,1,3.0,,
20315,2025/26,25,Levante,Raghouber,Desconocido,22,FR,70%,Sano,5.0,0.0,0.0,0.0,0.0,0.0,1.0,15,3.0,4.0,0,3.0,,
20315,2025/26,25,Levante,C. Álvarez,Desconocido,22,ES,90%,Sano,24.0,3.0,1.0,0.0,3.0,0.0,1.0,100,4.2,3.0,2,-1.0,11.0,100.0
20315,2025/26,25,Levante,Olasagasti,Desconocido,25,ES,50%,Sano,20.0,1.0,2.0,0.0,3.0,0.0,1.1,54,2.7,2.0,2,6.0,6.0,54.0
20315,2025/26,25,Levante,De la Fuente,Desconocido,26,ES,60%,Sano,21.0,2.0,1.0,0.0,4.0,0.0,1.3,82,3.9,4.0,2,1.0,11.0,82.0
20315,2025/26,25,Levante,Ryan,Portero,33,AU,95%,Sano,22.0,0.0,0.0,1.0,2.0,0.0,1.0,135,6.1,7.0,1,3.0,18.0,135.0
20315,2025/26,25,Levante,Iván Romero,Desconocido,24,ES,70%,Sano,20.0,4.0,1.0,0.0,3.0,0.0,1.2,89,4.5,0.0,2,4.0,11.0,89.0
20315,2025/26,25,Levante,Vencedor,Desconocido,25,ES,50%,Sano,15.0,0.0,0.0,0.0,3.0,1.0,1.0,37,2.5,4.0,4,0.0,7.0,37.0
20315,2025/26,25,Levante,Matturro,Desconocido,21,UY,50%,Sano,11.0,1.0,0.0,0.0,0.0,1.0,0.6,37,3.4,3.0,0,-2.0,6.0,37.0
20315,2025/26,25,Levante,Cortés,Desconocido,18,ES,40%,Sano,6.0,0.0,0.0,0.0,0.0,0.0,1.5,12,2.0,5.0,2,1.0,3.0,12.0
20315,2025/26,25,Levante,Losada,Desconocido,24,ES,30%,Sano,13.0,2.0,0.0,0.0,1.0,0.0,0.7,39,3.0,1.0,3,0.0,6.0,39.0
20315,2025/26,25,Levante,Víctor García,Desconocido,28,ES,20%,Sano,11.0,0.0,0.0,0.0,0.0,0.0,1.0,34,3.1,2.0,0,0.0,6.0,34.0
20315,2025/26,25,Levante,Nacho Pérez,Desconocido,17,ES,20%,Sano,1.0,0.0,0.0,0.0,0.0,0.0,1.0,2,2.0,0.0,2,0.0,3.0,2.0
20315,2025/26,25,Levante,Pampín,Desconocido,25,ES,20%,Sano,6.0,0.0,0.0,0.0,2.0,0.0,1.0,19,3.2,4.0,0,0.0,5.0,19.0
20315,2025/26,25,Levante,Elgezabal,Desconocido,32,ES,20%,Lesionado/Duda,12.0,1.0,0.0,0.0,2.0,0.0,2.0,33,2.8,0.0,0,8.0,8.0,33.0
20315,2025/26,25,Levante,Abed,Desconocido,21,IL,10%,Sano,1.0,0.0,0.0,0.0,0.0,0.0,-1.0,0,0.0,0.0,0,0.0,,
20315,2025/26,25,Levante,Carlos Espí,Desconocido,20,ES,10%,Sano,12.0,1.0,0.0,0.0,1.0,0.0,1.0,24,2.0,4.0,1,0.0,4.0,24.0
20315,2025/26,25,Levante,Morales,Desconocido,38,ES,10%,Sano,17.0,1.0,1.0,0.0,1.0,0.0,-1.0,46,2.7,0.0,0,0.0,5.0,46.0
20315,2025/26,25,Levante,Oriol Rey,Desconocido,27,ES,10%,Sano,12.0,0.0,0.0,0.0,2.0,0.0,-1.0,36,3.0,0.0,0,0.0,7.0,36.0
20315,2025/26,25,Levante,Cuñat Campos,Desconocido,23,ES,5%,Sano,2.0,0.0,0.0,0.0,0.0,0.0,-1.0,14,7.0,0.0,0,0.0,9.0,14.0
20315,2025/26,25,Levante,Primo,Desconocido,21,ES,0%,Sano,0.0,0.0,0.0,0.0,0.0,0.0,-1.0,0,0.0,0.0,0,0.0,1.0,0.0
20315,2025/26,25,Levante,Arriaga,Desconocido,28,HN,0%,Sano,17.0,1.0,1.0,0.0,6.0,1.0,1.2,64,3.8,0.0,1,2.0,10.0,64.0
20315,2025/26,25,Levante,Brugui,Desconocido,29,ES,0%,Lesionado/Duda,15.0,0.0,1.0,0.0,1.0,0.0,-1.0,42,2.8,0.0,0,0.0,8.0,42.0
20315,2025/26,25,Levante,Pablo Martínez,Desconocido,27,ES,0%,Lesionado/Duda,17.0,1.0,2.0,0.0,2.0,0.0,1.0,84,4.9,0.0,8,5.0,11.0,84.0
20316,2025/26,25,Mallorca,Valjent,Desconocido,30,SK,95%,Sano,24.0,0.0,0.0,0.0,2.0,0.0,1.6,88,3.7,1.0,2,6.0,11.0,88.0
20316,2025/26,25,Mallorca,Mojica,Desconocido,33,CO,60%,Lesionado/Duda,24.0,0.0,3.0,0.0,3.0,0.0,1.0,86,3.6,1.0,0,5.0,10.0,86.0
20316,2025/26,25,Mallorca,Leo Román,Portero,25,ES,95%,Sano,19.0,0.0,0.0,1.0,2.0,0.0,1.9,96,5.1,5.0,3,7.0,13.0,96.0
20316,2025/26,25,Mallorca,Raíllo,Desconocido,34,ES,50%,Sano,18.0,0.0,1.0,0.0,2.0,0.0,-1.0,72,4.0,0.0,0,0.0,11.0,72.0
20316,2025/26,25,Mallorca,Maffeo,Desconocido,28,AR,80%,Sano,19.0,1.0,0.0,0.0,6.0,0.0,1.0,69,3.6,-1.0,0,6.0,10.0,69.0
20316,2025/26,25,Mallorca,Samú,Desconocido,25,PT,90%,Sano,21.0,4.0,0.0,0.0,8.0,0.0,1.2,88,4.2,0.0,5,11.0,11.0,88.0
20316,2025/26,25,Mallorca,Mascarell,Desconocido,33,GQ,60%,Sano,17.0,1.0,1.0,0.0,3.0,0.0,1.5,63,3.7,2.0,1,1.0,10.0,63.0
20316,2025/26,25,Mallorca,Muriqi,Desconocido,31,XK,95%,Sano,23.0,16.0,1.0,0.0,2.0,1.0,1.6,155,6.7,7.0,0,13.0,21.0,155.0
20316,2025/26,25,Mallorca,Darder,Desconocido,32,ES,50%,Sano,24.0,1.0,3.0,0.0,3.0,0.0,1.5,127,5.3,11.0,2,12.0,14.0,127.0
20316,2025/26,25,Mallorca,Virgili,Desconocido,19,ES,80%,Sano,19.0,0.0,4.0,0.0,0.0,0.0,2.3,96,5.1,3.0,5,6.0,13.0,96.0
20316,2025/26,25,Mallorca,Luvumbo,Desconocido,23,AO,50%,Sano,1.0,0.0,0.0,0.0,0.0,0.0,1.5,2,2.0,2.0,0,0.0,,
20316,2025/26,25,Mallorca,David López,Desconocido,23,ES,50%,Sano,5.0,0.0,0.0,0.0,1.0,0.0,1.8,19,3.8,2.0,4,7.0,7.0,19.0
20316,2025/26,25,Mallorca,Morlanes,Desconocido,27,ES,40%,Sano,18.0,1.0,0.0,0.0,4.0,1.0,1.0,60,3.3,2.0,2,2.0,8.0,60.0
20316,2025/26,25,Mallorca,Pablo Torre,Desconocido,22,ES,40%,Sano,22.0,1.0,2.0,0.0,2.0,0.0,1.2,61,2.8,2.0,1,9.0,7.0,61.0
20316,2025/26,25,Mallorca,Antonio,Desconocido,28,ES,40%,Sano,20.0,0.0,0.0,0.0,4.0,1.0,1.0,41,2.1,4.0,5,2.0,6.0,41.0
20316,2025/26,25,Mallorca,Lato,Desconocido,28,ES,40%,Sano,7.0,0.0,1.0,0.0,1.0,0.0,-1.0,11,1.6,2.0,0,0.0,4.0,11.0
20316,2025/26,25,Mallorca,Joseph,Desconocido,22,ES,30%,Sano,23.0,2.0,2.0,0.0,2.0,0.0,1.0,87,3.8,0.0,1,8.0,11.0,87.0
20316,2025/26,25,Mallorca,Morey,Desconocido,25,ES,30%,Sano,14.0,1.0,0.0,0.0,2.0,0.0,1.0,29,2.1,0.0,2,0.0,6.0,29.0
20316,2025/26,25,Mallorca,Llabrés,Desconocido,23,ES,10%,Sano,12.0,0.0,0.0,0.0,0.0,0.0,1.0,21,1.8,0.0,1,0.0,3.0,21.0
20316,2025/26,25,Mallorca,Bergstrom,Desconocido,23,FI,5%,Sano,5.0,0.0,0.0,0.0,1.0,0.0,-1.0,36,7.2,0.0,0,0.0,10.0,36.0
20316,2025/26,25,Mallorca,Abdon,Desconocido,33,ES,5%,Sano,9.0,0.0,0.0,0.0,0.0,0.0,-1.0,13,1.4,0.0,0,2.0,3.0,13.0
20316,2025/26,25,Mallorca,Kumbulla,Desconocido,26,AL,5%,Lesionado/Duda,7.0,0.0,0.0,0.0,1.0,0.0,-1.0,9,1.3,0.0,0,0.0,4.0,9.0
20316,2025/26,25,Mallorca,Kalumba,Desconocido,21,FR,0%,Sano,0.0,0.0,0.0,0.0,0.0,0.0,-1.0,0,0.0,0.0,0,0.0,,
20316,2025/26,25,Mallorca,Cuéllar,Desconocido,41,ES,0%,Sano,0.0,0.0,0.0,0.0,0.0,0.0,-1.0,0,0.0,0.0,0,0.0,1.0,0.0
20316,2025/26,25,Mallorca,Salas,Desconocido,20,ES,0%,Lesionado/Duda,2.0,0.0,0.0,0.0,0.0,0.0,-1.0,4,2.0,0.0,0,0.0,,
20316,2025/26,25,Mallorca,Asano,Desconocido,31,JP,0%,Lesionado/Duda,15.0,1.0,0.0,0.0,2.0,0.0,1.5,30,2.0,0.0,0,2.0,5.0,30.0
20319,2025/26,25,Osasuna,Rubén G.,Desconocido,32,ES,70%,Lesionado/Duda,22.0,2.0,5.0,0.0,4.0,0.0,1.3,121,5.5,4.0,1,9.0,15.0,121.0
20319,2025/26,25,Osasuna,Moncayola,Desconocido,27,ES,70%,Sano,22.0,0.0,4.0,0.0,5.0,0.0,1.4,110,5.0,2.0,0,10.0,13.0,110.0
20319,2025/26,25,Osasuna,Rosier,Desconocido,29,FR,90%,Sano,17.0,0.0,1.0,0.0,4.0,1.0,1.4,69,4.1,7.0,3,1.0,11.0,69.0
20319,2025/26,25,Osasuna,Víctor Muñoz,Desconocido,22,ES,60%,Lesionado/Duda,24.0,4.0,1.0,0.0,2.0,0.0,1.4,122,5.1,2.0,3,10.0,13.0,122.0
20319,2025/26,25,Osasuna,Galán,Desconocido,31,ES,90%,Sano,7.0,0.0,1.0,0.0,1.0,0.0,1.0,59,4.9,10.0,2,4.0,9.0,59.0
20319,2025/26,25,Osasuna,Torró,Desconocido,31,ES,60%,Sano,22.0,0.0,1.0,0.0,6.0,0.0,1.0,74,3.4,5.0,0,6.0,10.0,74.0
20319,2025/26,25,Osasuna,Budimir,Desconocido,34,HR,95%,Sano,23.0,11.0,0.0,0.0,1.0,0.0,1.6,132,5.7,4.0,10,7.0,16.0,132.0
20319,2025/26,25,Osasuna,Catena,Desconocido,31,ES,95%,Sano,22.0,2.0,2.0,0.0,8.0,1.0,1.5,129,5.9,7.0,9,2.0,17.0,129.0
20319,2025/26,25,Osasuna,Herrera,Portero,32,ES,95%,Sano,24.0,0.0,0.0,0.0,2.0,0.0,2.4,166,6.9,11.0,6,2.0,22.0,166.0
20319,2025/26,25,Osasuna,Herrando,Desconocido,24,ES,95%,Sano,20.0,0.0,1.0,0.0,2.0,0.0,1.0,63,3.2,8.0,1,2.0,9.0,63.0
20319,2025/26,25,Osasuna,Oroz,Desconocido,24,ES,70%,Sano,18.0,0.0,2.0,0.0,4.0,0.0,1.2,82,4.6,9.0,3,3.0,11.0,82.0
20319,2025/26,25,Osasuna,Raul Moro,Desconocido,23,ES,50%,Sano,3.0,0.0,1.0,0.0,0.0,0.0,1.3,16,5.3,2.0,10,4.0,,
20319,2025/26,25,Osasuna,Iker Muñoz,Desconocido,23,ES,40%,Sano,10.0,0.0,0.0,0.0,3.0,0.0,1.2,30,3.0,5.0,5,0.0,6.0,30.0
20319,2025/26,25,Osasuna,Moi Gómez,Desconocido,31,ES,30%,Sano,17.0,0.0,0.0,0.0,1.0,0.0,-1.0,62,3.6,0.0,2,0.0,9.0,62.0
20319,2025/26,25,Osasuna,Osambela,Desconocido,21,ES,30%,Sano,10.0,1.0,0.0,0.0,1.0,0.0,1.0,27,2.7,0.0,3,0.0,5.0,27.0
20319,2025/26,25,Osasuna,Bretones,Desconocido,25,ES,20%,Sano,20.0,1.0,0.0,0.0,5.0,1.0,1.0,64,3.2,2.0,1,2.0,10.0,64.0
20319,2025/26,25,Osasuna,Juan Cruz,Desconocido,33,ES,20%,Sano,12.0,0.0,0.0,0.0,0.0,0.0,-1.0,35,2.9,0.0,0,0.0,6.0,35.0
20319,2025/26,25,Osasuna,Kike Barja,Desconocido,28,ES,10%,Sano,15.0,0.0,0.0,0.0,2.0,0.0,-1.0,22,1.5,0.0,0,0.0,3.0,22.0
20319,2025/26,25,Osasuna,Raúl García,Desconocido,25,ES,5%,Sano,23.0,4.0,0.0,0.0,1.0,0.0,1.3,74,3.2,2.0,8,2.0,7.0,74.0
20319,2025/26,25,Osasuna,Aitor,Desconocido,34,ES,5%,Sano,0.0,0.0,0.0,0.0,2.0,0.0,-1.0,-2,0.0,0.0,0,0.0,1.0,-2.0
20319,2025/26,25,Osasuna,Boyomo,Desconocido,24,CM,0%,Lesionado/Duda,20.0,1.0,1.0,0.0,4.0,0.0,1.2,87,4.4,0.0,2,4.0,10.0,87.0
20319,2025/26,25,Osasuna,Benito,Desconocido,23,ES,0%,Lesionado/Duda,5.0,1.0,0.0,0.0,1.0,0.0,-1.0,19,3.8,0.0,0,0.0,5.0,19.0
20320,2025/26,25,Rayo,Espino,Desconocido,34,UY,50%,Sano,17.0,1.0,0.0,0.0,1.0,0.0,1.5,44,2.6,7.0,0,0.0,6.0,44.0
20320,2025/26,25,Rayo,Ratiu,Desconocido,27,RO,90%,Sano,20.0,0.0,2.0,0.0,6.0,0.0,2.1,116,5.8,15.0,-1,0.0,17.0,116.0
20320,2025/26,25,Rayo,Gumbau,Desconocido,31,ES,50%,Sano,16.0,0.0,1.0,0.0,3.0,0.0,1.3,36,2.3,8.0,0,0.0,5.0,36.0
20320,2025/26,25,Rayo,Akhomach,Desconocido,21,MA,70%,Sano,3.0,0.0,0.0,0.0,1.0,0.0,1.9,32,2.7,8.0,3,1.0,5.0,32.0
20320,2025/26,25,Rayo,Batalla,Portero,29,AR,95%,Sano,23.0,0.0,0.0,0.0,4.0,0.0,1.6,140,6.1,10.0,2,2.0,18.0,140.0
20320,2025/26,25,Rayo,Isi,Desconocido,31,ES,80%,Sano,22.0,2.0,3.0,0.0,7.0,0.0,1.8,99,4.5,5.0,1,10.0,11.0,99.0
20320,2025/26,25,Rayo,Valentín,Desconocido,31,ES,70%,Sano,20.0,1.0,0.0,0.0,2.0,1.0,1.4,85,4.3,13.0,0,2.0,11.0,85.0
20320,2025/26,25,Rayo,Mendy,Desconocido,21,SN,80%,Sano,14.0,2.0,0.0,0.0,3.0,1.0,1.6,77,5.5,18.0,2,0.0,11.0,77.0
20320,2025/26,25,Rayo,De Frutos,Desconocido,29,ES,90%,Sano,21.0,7.0,1.0,0.0,2.0,0.0,1.4,123,5.9,3.0,9,3.0,17.0,123.0
20320,2025/26,25,Rayo,Fran Pérez,Desconocido,23,ES,50%,Sano,19.0,2.0,0.0,0.0,2.0,0.0,2.0,74,3.9,13.0,0,0.0,8.0,74.0
20320,2025/26,25,Rayo,Lejeune,Desconocido,34,FR,95%,Sano,23.0,0.0,0.0,0.0,3.0,0.0,1.7,133,5.8,12.0,4,5.0,17.0,133.0
20320,2025/26,25,Rayo,Pathé Ciss,Desconocido,31,SN,50%,Sano,16.0,1.0,0.0,0.0,4.0,2.0,1.1,66,4.1,0.0,1,10.0,10.0,66.0
20320,2025/26,25,Rayo,Pep Chavarría,Desconocido,27,ES,50%,Sano,22.0,1.0,2.0,0.0,6.0,1.0,0.9,97,4.4,0.0,-2,3.0,10.0,97.0
20320,2025/26,25,Rayo,Álvaro García,Desconocido,33,ES,50%,Sano,23.0,3.0,4.0,0.0,3.0,0.0,1.5,109,4.7,6.0,10,2.0,12.0,109.0
20320,2025/26,25,Rayo,Unai López,Desconocido,30,ES,25%,Sano,17.0,0.0,3.0,0.0,6.0,1.0,-1.0,85,5.0,2.0,0,0.0,10.0,85.0
20320,2025/26,25,Rayo,Pedro Díaz,Desconocido,27,ES,25%,Sano,20.0,0.0,0.0,0.0,1.0,0.0,1.2,50,2.5,2.0,3,2.0,9.0,50.0
20320,2025/26,25,Rayo,Luiz Felipe,Desconocido,28,IT,20%,Sano,8.0,0.0,0.0,0.0,1.0,0.0,-1.0,19,2.4,0.0,2,0.0,5.0,19.0
20320,2025/26,25,Rayo,Carlos Martín,Desconocido,23,ES,10%,Sano,4.0,0.0,0.0,0.0,1.0,0.0,1.0,8,2.0,0.0,1,1.0,4.0,8.0
20320,2025/26,25,Rayo,Trejo,Desconocido,37,AR,10%,Sano,5.0,0.0,0.0,0.0,2.0,0.0,-1.0,7,1.4,0.0,0,0.0,3.0,7.0
20320,2025/26,25,Rayo,Balliu,Desconocido,34,AL,10%,Sano,9.0,0.0,0.0,0.0,2.0,0.0,-1.0,10,1.1,0.0,0,0.0,3.0,10.0
20320,2025/26,25,Rayo,Camello,Desconocido,25,ES,10%,Sano,13.0,0.0,0.0,0.0,2.0,1.0,1.0,23,1.8,0.0,0,1.0,5.0,23.0
20320,2025/26,25,Rayo,Alemão,Desconocido,27,BR,10%,Sano,13.0,1.0,0.0,0.0,1.0,0.0,1.0,32,2.5,0.0,0,1.0,6.0,32.0
20320,2025/26,25,Rayo,Vertrouwd,Desconocido,21,NL,5%,Sano,7.0,0.0,0.0,0.0,0.0,0.0,0.6,6,0.9,2.0,0,-3.0,3.0,6.0
20320,2025/26,25,Rayo,Cárdenas,Desconocido,28,ES,5%,Sano,0.0,0.0,0.0,0.0,0.0,0.0,-1.0,0,0.0,0.0,0,0.0,1.0,0.0
20320,2025/26,25,Rayo,Nteka,Desconocido,28,AO,0%,Sano,7.0,0.0,0.0,0.0,0.0,0.0,1.0,13,1.9,1.0,0,0.0,3.0,13.0
20320,2025/26,25,Rayo,Mumin,Desconocido,27,GH,0%,Sano,0.0,0.0,0.0,0.0,0.0,0.0,-1.0,0,0.0,0.0,0,0.0,1.0,0.0
20319,2025/26,25,Real Madrid,Alexander-Arnold,Desconocido,27,EN,70%,Sano,10.0,0.0,2.0,0.0,0.0,0.0,2.2,45,4.5,11.0,2,0.0,7.0,45.0
20319,2025/26,25,Real Madrid,Mbappé,Desconocido,27,FR,60%,Sano,22.0,23.0,4.0,0.0,3.0,0.0,1.6,276,12.5,0.0,11,10.0,46.0,276.0
20319,2025/26,25,Real Madrid,A. F. Carreras,Desconocido,22,ES,70%,Sano,21.0,2.0,2.0,0.0,4.0,1.0,1.9,149,7.1,9.0,16,0.0,22.0,149.0
20319,2025/26,25,Real Madrid,Courtois,Portero,33,BE,95%,Sano,24.0,0.0,0.0,0.0,0.0,0.0,1.7,169,7.0,6.0,6,6.0,22.0,169.0
20319,2025/26,25,Real Madrid,Valverde,Desconocido,27,UY,60%,Sano,23.0,1.0,6.0,0.0,2.0,0.0,1.7,163,7.1,13.0,8,8.0,22.0,163.0
20319,2025/26,25,Real Madrid,Asencio,Desconocido,23,ES,50%,Sano,17.0,2.0,0.0,0.0,2.0,0.0,1.6,89,5.2,0.0,8,2.0,10.0,89.0
20319,2025/26,25,Real Madrid,Tchouaméni,Desconocido,26,FR,50%,Sano,21.0,0.0,0.0,0.0,5.0,0.0,1.6,113,5.4,4.0,9,5.0,15.0,113.0
20319,2025/26,25,Real Madrid,Güler,Desconocido,20,TR,60%,Sano,24.0,3.0,7.0,0.0,1.0,0.0,1.4,179,7.5,5.0,6,7.0,24.0,179.0
20319,2025/26,25,Real Madrid,Vinicius,Desconocido,25,BR,70%,Sano,23.0,8.0,5.0,0.0,5.0,0.0,2.6,178,7.7,18.0,0,7.0,25.0,178.0
20319,2025/26,25,Real Madrid,Huijsen,Desconocido,20,ES,70%,Sano,18.0,1.0,2.0,0.0,4.0,1.0,0.9,113,6.3,0.0,15,4.0,19.0,113.0
20319,2025/26,25,Real Madrid,Camavinga,Desconocido,23,FR,70%,Sano,18.0,1.0,0.0,0.0,0.0,0.0,1.2,83,4.6,3.0,6,7.0,10.0,83.0
20319,2025/26,25,Real Madrid,Ceballos,Desconocido,29,ES,50%,Sano,14.0,0.0,0.0,0.0,1.0,0.0,1.2,44,3.1,2.0,0,3.0,6.0,44.0
20319,2025/26,25,Real Madrid,Brahim,Desconocido,26,MA,50%,Sano,16.0,0.0,4.0,0.0,1.0,0.0,1.3,69,4.3,2.0,8,10.0,7.0,69.0
20319,2025/26,25,Real Madrid,Gonzalo,Desconocido,21,ES,50%,Sano,19.0,4.0,0.0,0.0,1.0,0.0,1.4,58,3.1,9.0,4,2.0,6.0,58.0
20319,2025/26,25,Real Madrid,Rüdiger,Desconocido,32,DE,50%,Sano,8.0,0.0,0.0,0.0,0.0,0.0,2.0,44,5.5,3.0,0,0.0,9.0,44.0
20319,2025/26,25,Real Madrid,Mastantuono,Desconocido,18,AR,50%,Sano,15.0,1.0,0.0,0.0,4.0,0.0,0.0,55,3.7,0.0,1,3.0,8.0,55.0
20319,2025/26,25,Real Madrid,Alaba,Desconocido,33,AT,30%,Sano,6.0,0.0,0.0,0.0,0.0,0.0,1.1,14,2.3,2.0,0,2.0,4.0,14.0
20319,2025/26,25,Real Madrid,Rodrygo,Desconocido,25,BR,30%,Lesionado/Duda,18.0,1.0,3.0,0.0,3.0,0.0,1.0,90,5.0,0.0,0,3.0,9.0,90.0
20319,2025/26,25,Real Madrid,Carvajal,Desconocido,34,ES,30%,Sano,8.0,0.0,0.0,0.0,0.0,0.0,1.0,28,3.5,3.0,0,0.0,6.0,28.0
20319,2025/26,25,Real Madrid,Fran García,Desconocido,26,ES,20%,Sano,7.0,1.0,0.0,0.0,2.0,1.0,-1.0,26,3.7,0.0,0,0.0,6.0,26.0
20319,2025/26,25,Real Madrid,Mendy,Desconocido,30,FR,10%,Sano,1.0,0.0,0.0,0.0,0.0,0.0,-1.0,1,1.0,0.0,0,0.0,2.0,1.0
20319,2025/26,25,Real Madrid,Lunin,Desconocido,27,UA,5%,Sano,0.0,0.0,0.0,0.0,0.0,1.0,-1.0,-1,0.0,0.0,0,0.0,1.0,-1.0
20319,2025/26,25,Real Madrid,Bellingham,Desconocido,22,EN,0%,Lesionado/Duda,18.0,4.0,3.0,0.0,1.0,0.0,-1.0,137,7.6,0.0,0,2.0,23.0,137.0
20319,2025/26,25,Real Madrid,Militão,Desconocido,28,BR,0%,Lesionado/Duda,13.0,1.0,1.0,0.0,2.0,0.0,-1.0,86,6.6,0.0,0,0.0,13.0,86.0
20321,2025/26,25,Real Oviedo,Viñas,Desconocido,27,UY,80%,Sano,19.0,3.0,1.0,0.0,4.0,3.0,1.4,82,4.3,7.0,5,1.0,11.0,82.0
20321,2025/26,25,Real Oviedo,Aarón,Portero,30,ES,95%,Sano,23.0,0.0,0.0,2.0,2.0,0.0,1.8,172,7.5,2.0,7,4.0,24.0,172.0
20321,2025/26,25,Real Oviedo,Nacho Vidal,Desconocido,31,ES,80%,Sano,15.0,0.0,0.0,0.0,2.0,0.0,1.0,52,3.5,2.0,6,3.0,9.0,52.0
20321,2025/26,25,Real Oviedo,Bailly,Desconocido,31,CI,70%,Sano,6.0,0.0,0.0,0.0,1.0,0.0,1.0,24,4.0,6.0,0,0.0,7.0,24.0
20321,2025/26,25,Real Oviedo,Carmo,Desconocido,26,AO,90%,Sano,17.0,1.0,0.0,0.0,8.0,1.0,1.2,79,4.6,1.0,8,2.0,12.0,79.0
20321,2025/26,25,Real Oviedo,Javi López,Desconocido,23,ES,60%,Sano,11.0,0.0,0.0,0.0,0.0,0.0,1.5,28,2.5,0.0,7,0.0,6.0,28.0
20321,2025/26,25,Real Oviedo,Fonseca,Desconocido,27,UY,70%,Sano,6.0,0.0,0.0,0.0,2.0,0.0,1.0,2,0.3,1.0,1,1.0,,
20321,2025/26,25,Real Oviedo,Sibo,Desconocido,27,GH,90%,Sano,14.0,0.0,0.0,0.0,1.0,0.0,1.1,40,2.9,4.0,5,3.0,8.0,40.0
20321,2025/26,25,Real Oviedo,Hassan,Desconocido,24,FR,50%,Sano,22.0,0.0,2.0,0.0,1.0,0.0,1.3,84,3.8,3.0,5,3.0,10.0,84.0
20321,2025/26,25,Real Oviedo,Reina,Desconocido,28,ES,80%,Sano,22.0,2.0,0.0,0.0,4.0,1.0,1.5,74,3.4,3.0,6,1.0,10.0,74.0
20321,2025/26,25,Real Oviedo,Chaira,Desconocido,25,MA,90%,Sano,21.0,3.0,1.0,0.0,1.0,1.0,1.8,94,4.5,7.0,11,4.0,11.0,94.0
20321,2025/26,25,Real Oviedo,Thiago,Desconocido,21,AR,50%,Sano,2.0,0.0,1.0,0.0,1.0,0.0,1.6,7,3.5,-1.0,8,0.0,,
20321,2025/26,25,Real Oviedo,Calvo,Desconocido,31,ES,40%,Sano,9.0,0.0,0.0,0.0,3.0,0.0,-1.0,36,4.0,0.0,0,0.0,8.0,36.0
20321,2025/26,25,Real Oviedo,Dendoncker,Desconocido,30,BE,40%,Sano,18.0,1.0,0.0,0.0,2.0,0.0,1.0,61,3.4,0.0,2,0.0,10.0,61.0
20321,2025/26,25,Real Oviedo,Alhassane,Desconocido,24,NE,40%,Sano,19.0,0.0,0.0,0.0,1.0,0.0,-1.0,57,3.0,0.0,0,0.0,10.0,57.0
20321,2025/26,25,Real Oviedo,Cazorla,Desconocido,41,ES,20%,Sano,14.0,0.0,0.0,0.0,0.0,1.0,1.6,38,2.7,2.0,2,2.0,6.0,38.0
20321,2025/26,25,Real Oviedo,Ahijado,Desconocido,31,ES,20%,Sano,13.0,0.0,1.0,0.0,2.0,0.0,1.0,41,3.2,2.0,2,3.0,8.0,41.0
20321,2025/26,25,Real Oviedo,Forés,Desconocido,24,ES,10%,Sano,13.0,0.0,1.0,0.0,0.0,0.0,1.0,26,2.0,2.0,0,0.0,4.0,26.0
20321,2025/26,25,Real Oviedo,L. Ilic,Desconocido,26,RS,10%,Lesionado/Duda,14.0,1.0,0.0,0.0,4.0,1.0,-1.0,27,1.9,0.0,0,0.0,5.0,27.0
20321,2025/26,25,Real Oviedo,Borbas,Desconocido,23,UY,10%,Sano,3.0,0.0,0.0,0.0,1.0,0.0,-1.0,3,1.0,0.0,0,1.0,,
20321,2025/26,25,Real Oviedo,Moldovan,Desconocido,28,RO,5%,Sano,0.0,0.0,0.0,0.0,0.0,0.0,-1.0,0,0.0,0.0,0,0.0,1.0,0.0
20321,2025/26,25,Real Oviedo,Ejaria,Desconocido,28,EN,0%,Lesionado/Duda,7.0,0.0,0.0,0.0,1.0,0.0,-1.0,15,2.1,0.0,0,0.0,4.0,15.0
20321,2025/26,25,Real Oviedo,Costas,Desconocido,30,ES,0%,Lesionado/Duda,17.0,0.0,0.0,0.0,2.0,0.0,1.6,80,4.7,0.0,8,-1.0,12.0,80.0
20321,2025/26,25,Real Oviedo,Colombatto,Desconocido,29,AR,0%,Sano,19.0,0.0,1.0,0.0,5.0,0.0,1.1,78,4.1,3.0,9,2.0,11.0,78.0
20321,2025/26,25,Real Sociedad,Remiro,Portero,30,ES,95%,Sano,24.0,0.0,0.0,0.0,0.0,0.0,1.5,119,5.0,-1.0,5,7.0,13.0,119.0
20321,2025/26,25,Real Sociedad,Carlos Soler,Desconocido,29,ES,50%,Lesionado/Duda,20.0,2.0,2.0,0.0,2.0,1.0,1.3,101,5.1,3.0,3,9.0,12.0,101.0
20321,2025/26,25,Real Sociedad,Guedes,Desconocido,29,PT,90%,Sano,24.0,6.0,3.0,0.0,1.0,0.0,1.7,138,5.8,3.0,7,15.0,16.0,138.0
20321,2025/26,25,Real Sociedad,Aramburu,Desconocido,23,VE,80%,Sano,22.0,1.0,0.0,0.0,7.0,0.0,1.2,50,2.3,-6.0,2,3.0,9.0,50.0
20321,2025/26,25,Real Sociedad,Gorrotxategi,Desconocido,24,ES,80%,Sano,22.0,1.0,3.0,0.0,5.0,0.0,1.3,101,4.6,2.0,10,8.0,11.0,101.0
20321,2025/26,25,Real Sociedad,Marín,Desconocido,22,ES,70%,Sano,21.0,0.0,0.0,0.0,1.0,0.0,1.4,47,2.2,0.0,3,5.0,7.0,47.0
20321,2025/26,25,Real Sociedad,Turrientes,Desconocido,24,ES,60%,Sano,15.0,0.0,1.0,0.0,4.0,0.0,1.2,45,3.0,1.0,7,3.0,7.0,45.0
20321,2025/26,25,Real Sociedad,Jon Martín,Desconocido,19,ES,60%,Sano,15.0,0.0,0.0,0.0,4.0,0.0,2.0,57,3.8,2.0,0,7.0,11.0,57.0
20321,2025/26,25,Real Sociedad,Sergio Gómez,Desconocido,25,ES,70%,Sano,22.0,0.0,1.0,0.0,1.0,0.0,1.8,99,4.5,0.0,5,10.0,11.0,99.0
20321,2025/26,25,Real Sociedad,Oyarzabal,Desconocido,28,ES,95%,Sano,21.0,10.0,3.0,0.0,2.0,0.0,1.6,154,7.3,6.0,9,5.0,23.0,154.0
20321,2025/26,25,Real Sociedad,Caleta-Car,Desconocido,29,HR,70%,Sano,15.0,0.0,0.0,0.0,4.0,1.0,1.0,49,3.3,0.0,5,0.0,9.0,49.0
20321,2025/26,25,Real Sociedad,Brais,Desconocido,29,ES,50%,Sano,21.0,5.0,2.0,0.0,4.0,1.0,0.5,106,5.0,0.0,0,-2.0,11.0,106.0
20321,2025/26,25,Real Sociedad,Zubeldia,Desconocido,28,ES,50%,Sano,19.0,0.0,1.0,0.0,7.0,0.0,1.3,76,4.0,-2.0,5,3.0,11.0,76.0
20321,2025/26,25,Real Sociedad,Herrera,Desconocido,28,VE,40%,Sano,4.0,0.0,0.0,0.0,1.0,0.0,1.1,7,1.2,2.0,2,0.0,3.0,7.0
20321,2025/26,25,Real Sociedad,Aihen,Desconocido,28,ES,40%,Sano,16.0,0.0,0.0,0.0,1.0,0.0,1.0,29,1.8,-3.0,0,2.0,6.0,29.0
20321,2025/26,25,Real Sociedad,Barrenetxea,Desconocido,24,ES,30%,Lesionado/Duda,19.0,3.0,3.0,0.0,2.0,0.0,-1.0,105,5.5,0.0,0,0.0,10.0,105.0
20321,2025/26,25,Real Sociedad,Aritz,Desconocido,31,ES,20%,Sano,8.0,0.0,0.0,0.0,0.0,0.0,-1.0,16,2.0,0.0,0,0.0,4.0,16.0
20321,2025/26,25,Real Sociedad,Wesley,Desconocido,20,BR,20%,Sano,2.0,0.0,0.0,0.0,0.0,0.0,0.3,0,0.0,0.0,0,,,
20321,2025/26,25,Real Sociedad,Óskarsson,Desconocido,21,IS,15%,Sano,8.0,2.0,0.0,0.0,0.0,0.0,1.2,25,3.1,1.0,7,2.0,5.0,25.0
20321,2025/26,25,Real Sociedad,Odriozola,Desconocido,30,ES,10%,Sano,4.0,1.0,0.0,0.0,0.0,0.0,1.5,20,5.0,0.0,3,0.0,7.0,20.0
20321,2025/26,25,Real Sociedad,Fraga,Desconocido,22,ES,5%,Sano,0.0,0.0,0.0,0.0,0.0,0.0,-1.0,0,0.0,0.0,0,0.0,1.0,0.0
20321,2025/26,25,Real Sociedad,Karrikaburu,Desconocido,23,ES,0%,Sano,6.0,0.0,0.0,0.0,0.0,0.0,-1.0,9,1.5,0.0,0,0.0,3.0,9.0
20321,2025/26,25,Real Sociedad,Zakharyan,Desconocido,22,RU,0%,Lesionado/Duda,12.0,0.0,0.0,0.0,1.0,0.0,-1.0,19,1.6,0.0,0,0.0,4.0,19.0
20321,2025/26,25,Real Sociedad,Marrero,Desconocido,24,ES,0%,Sano,0.0,0.0,0.0,0.0,0.0,0.0,-1.0,0,0.0,0.0,0,0.0,1.0,0.0
20321,2025/26,25,Real Sociedad,Sucic,Desconocido,23,HR,0%,Lesionado/Duda,10.0,1.0,0.0,0.0,1.0,0.0,1.3,32,3.2,0.0,8,4.0,6.0,32.0
20321,2025/26,25,Real Sociedad,Kubo,Desconocido,24,JP,0%,Lesionado/Duda,18.0,2.0,3.0,0.0,0.0,0.0,-1.0,104,5.8,0.0,0,0.0,13.0,104.0
20318,2025/26,25,Sevilla,Agoume,Desconocido,24,FR,80%,Sano,21.0,1.0,2.0,0.0,9.0,0.0,1.0,85,4.0,3.0,4,0.0,11.0,85.0
20318,2025/26,25,Sevilla,Azpilicueta,Desconocido,36,ES,90%,Sano,11.0,0.0,0.0,0.0,4.0,0.0,1.6,32,2.9,3.0,-1,0.0,7.0,32.0
20318,2025/26,25,Sevilla,Carmona,Desconocido,24,ES,90%,Sano,22.0,1.0,3.0,0.0,9.0,0.0,0.5,80,3.6,1.0,0,-3.0,10.0,80.0
20318,2025/26,25,Sevilla,Adams,Desconocido,26,NG,70%,Sano,19.0,6.0,2.0,0.0,1.0,0.0,1.0,87,4.6,3.0,3,-1.0,11.0,87.0
20318,2025/26,25,Sevilla,Vlachodimos,Portero,31,GR,95%,Sano,20.0,0.0,0.0,1.0,2.0,0.0,1.5,103,5.2,2.0,12,-1.0,14.0,103.0
20318,2025/26,25,Sevilla,Nianzou,Desconocido,23,FR,70%,Sano,8.0,0.0,0.0,0.0,4.0,0.0,1.5,21,2.6,5.0,0,0.0,5.0,21.0
20318,2025/26,25,Sevilla,Kike Salas,Desconocido,23,ES,90%,Sano,13.0,1.0,0.0,0.0,0.0,0.0,2.1,67,5.2,8.0,10,-2.0,11.0,67.0
20318,2025/26,25,Sevilla,Gudelj,Desconocido,34,RS,80%,Sano,20.0,1.0,0.0,0.0,6.0,0.0,1.0,78,3.9,2.0,6,0.0,11.0,78.0
20318,2025/26,25,Sevilla,Maupay,Desconocido,29,FR,80%,Sano,3.0,1.0,0.0,0.0,0.0,0.0,1.1,14,4.7,3.0,4,7.0,,
20318,2025/26,25,Sevilla,Sow,Desconocido,29,CH,70%,Sano,20.0,3.0,0.0,0.0,3.0,0.0,1.3,77,3.9,12.0,2,2.0,11.0,77.0
20318,2025/26,25,Sevilla,Suazo,Desconocido,28,CL,90%,Sano,17.0,0.0,1.0,0.0,4.0,0.0,0.5,71,4.2,3.0,-1,-1.0,11.0,71.0
20318,2025/26,25,Sevilla,Peque,Desconocido,23,ES,40%,Sano,20.0,2.0,1.0,0.0,7.0,0.0,1.1,62,3.1,0.0,2,6.0,8.0,62.0
20318,2025/26,25,Sevilla,Mendy,Desconocido,26,FR,40%,Sano,19.0,1.0,0.0,0.0,6.0,0.0,0.8,67,3.5,1.0,3,2.0,10.0,67.0
20318,2025/26,25,Sevilla,Cardoso,Desconocido,31,PT,30%,Sano,4.0,0.0,0.0,0.0,0.0,0.0,0.5,20,5.0,0.0,0,3.0,7.0,20.0
20318,2025/26,25,Sevilla,Romero,Desconocido,25,ES,30%,Sano,18.0,3.0,0.0,0.0,3.0,1.0,1.1,53,2.9,2.0,0,2.0,8.0,53.0
20318,2025/26,25,Sevilla,Alexis,Desconocido,37,CL,30%,Sano,16.0,2.0,1.0,0.0,1.0,0.0,1.0,59,3.7,0.0,2,2.0,8.0,59.0
20318,2025/26,25,Sevilla,Ejuke,Desconocido,28,NG,20%,Sano,17.0,1.0,1.0,0.0,0.0,0.0,1.3,69,4.1,2.0,6,3.0,7.0,69.0
20318,2025/26,25,Sevilla,Nyland,Desconocido,35,NO,5%,Sano,4.0,0.0,0.0,0.0,1.0,0.0,-1.0,16,4.0,0.0,0,0.0,6.0,16.0
20318,2025/26,25,Sevilla,Januzaj,Desconocido,31,BE,0%,Lesionado/Duda,10.0,0.0,0.0,0.0,1.0,0.0,-1.0,20,2.0,0.0,0,0.0,4.0,20.0
20318,2025/26,25,Sevilla,Manu Bueno,Desconocido,21,ES,0%,Sano,4.0,0.0,0.0,0.0,0.0,0.0,-1.0,10,2.5,0.0,0,0.0,4.0,10.0
20318,2025/26,25,Sevilla,Gattoni,Desconocido,27,AR,0%,Sano,1.0,0.0,0.0,0.0,0.0,0.0,1.0,0,0.0,,0,0.0,,
20318,2025/26,25,Sevilla,Vargas,Desconocido,27,CH,0%,Lesionado/Duda,13.0,3.0,4.0,0.0,1.0,0.0,-1.0,82,6.3,0.0,0,0.0,11.0,82.0
20318,2025/26,25,Sevilla,Marcão,Desconocido,29,BR,0%,Lesionado/Duda,13.0,0.0,0.0,0.0,4.0,1.0,-1.0,46,3.5,0.0,0,0.0,9.0,46.0
20318,2025/26,25,Sevilla,Oso,Desconocido,22,ES,0%,Lesionado/Duda,8.0,0.0,1.0,0.0,1.0,0.0,2.0,28,3.5,0.0,3,0.0,7.0,28.0
20318,2025/26,25,Sevilla,Juanlu,Desconocido,22,ES,0%,Sano,20.0,0.0,2.0,0.0,3.0,1.0,0.9,77,3.9,-1.0,4,3.0,11.0,77.0
20318,2025/26,25,Sevilla,Jordan,Desconocido,31,ES,0%,Sano,3.0,0.0,0.0,0.0,1.0,1.0,-1.0,3,1.0,-3.0,0,0.0,2.0,3.0
20318,2025/26,25,Sevilla,Castrín,Desconocido,22,ES,0%,Lesionado/Duda,9.0,0.0,0.0,0.0,3.0,0.0,-1.0,40,4.4,0.0,0,0.0,8.0,40.0
20322,2025/26,25,Valencia,Dimitrievski,Portero,32,MK,95%,Sano,6.0,0.0,0.0,0.0,0.0,0.0,1.4,33,5.5,10.0,4,0.0,9.0,33.0
20322,2025/26,25,Valencia,Tárrega,Desconocido,23,ES,80%,Sano,21.0,0.0,0.0,0.0,6.0,0.0,1.0,85,4.0,7.0,0,2.0,11.0,85.0
20322,2025/26,25,Valencia,Cömert,Desconocido,28,CH,70%,Sano,7.0,1.0,0.0,0.0,1.0,0.0,1.5,34,4.9,9.0,4,0.0,8.0,34.0
20322,2025/26,25,Valencia,Gayà,Desconocido,30,ES,90%,Sano,20.0,1.0,1.0,0.0,5.0,1.0,1.0,76,3.8,8.0,-1,4.0,11.0,76.0
20322,2025/26,25,Valencia,Guido,Desconocido,31,AR,50%,Sano,2.0,0.0,0.0,0.0,0.0,0.0,1.1,4,2.0,2.0,2,0.0,,
20322,2025/26,25,Valencia,Ugrinic,Desconocido,27,CH,70%,Sano,14.0,0.0,3.0,0.0,3.0,0.0,1.3,61,4.4,0.0,5,5.0,9.0,61.0
20322,2025/26,25,Valencia,Ramazani,Desconocido,24,BE,70%,Sano,13.0,2.0,1.0,0.0,2.0,0.0,2.0,38,2.9,12.0,1,0.0,5.0,38.0
20322,2025/26,25,Valencia,Beltrán,Desconocido,24,AR,90%,Sano,21.0,1.0,2.0,0.0,0.0,0.0,1.7,78,3.7,4.0,4,8.0,9.0,78.0
20322,2025/26,25,Valencia,Rioja,Desconocido,32,ES,70%,Sano,23.0,2.0,4.0,0.0,1.0,0.0,1.7,120,5.2,11.0,4,10.0,14.0,120.0
20322,2025/26,25,Valencia,Duro,Desconocido,26,ES,60%,Sano,23.0,7.0,0.0,0.0,5.0,0.0,0.8,89,3.9,3.0,1,3.0,11.0,89.0
20322,2025/26,25,Valencia,Núñez,Desconocido,29,ES,90%,Sano,2.0,0.0,0.0,0.0,0.0,0.0,1.2,15,7.5,10.0,5,0.0,,
20322,2025/26,25,Valencia,Pepelu,Desconocido,27,ES,50%,Sano,22.0,2.0,0.0,0.0,3.0,0.0,1.0,102,4.6,2.0,6,1.0,11.0,102.0
20322,2025/26,25,Valencia,Javi Guerra,Desconocido,22,ES,40%,Sano,23.0,0.0,3.0,0.0,2.0,0.0,2.0,78,3.4,9.0,1,0.0,9.0,78.0
20322,2025/26,25,Valencia,Sadiq,Desconocido,29,NG,40%,Sano,6.0,1.0,0.0,0.0,1.0,0.0,1.6,27,2.5,8.0,1,1.0,5.0,27.0
20322,2025/26,25,Valencia,Copete,Desconocido,26,ES,40%,Sano,20.0,0.0,0.0,0.0,5.0,0.0,1.3,74,3.7,0.0,0,2.0,11.0,74.0
20322,2025/26,25,Valencia,Danjuma,Desconocido,29,NL,30%,Lesionado/Duda,22.0,3.0,2.0,0.0,0.0,0.0,1.4,107,4.9,0.0,2,8.0,12.0,107.0
20322,2025/26,25,Valencia,Almeida,Desconocido,25,PT,30%,Sano,14.0,0.0,1.0,0.0,0.0,0.0,1.0,59,4.2,0.0,0,2.0,9.0,59.0
20322,2025/26,25,Valencia,Jesús Vázquez,Desconocido,23,ES,10%,Sano,14.0,0.0,0.0,0.0,2.0,0.0,-1.0,34,2.4,1.0,0,0.0,6.0,34.0
20322,2025/26,25,Valencia,Santamaria,Desconocido,30,FR,10%,Sano,19.0,1.0,1.0,0.0,2.0,0.0,0.0,58,3.1,2.0,0,2.0,7.0,58.0
20322,2025/26,25,Valencia,Thierry,Desconocido,26,PT,10%,Lesionado/Duda,15.0,0.0,1.0,0.0,3.0,0.0,0.5,34,2.3,0.0,2,0.0,7.0,34.0
20322,2025/26,25,Valencia,Rivero,Desconocido,27,ES,5%,Sano,0.0,0.0,0.0,0.0,0.0,1.0,-1.0,-3,0.0,0.0,0,0.0,1.0,-3.0
20322,2025/26,25,Valencia,Abril,Desconocido,2026,,0%,Sano,0.0,0.0,0.0,0.0,0.0,0.0,-1.0,0,0.0,0.0,0,0.0,,
20322,2025/26,25,Valencia,Raba,Desconocido,30,ES,0%,Sano,11.0,0.0,1.0,0.0,0.0,0.0,-1.0,29,2.6,0.0,0,0.0,5.0,29.0
20322,2025/26,25,Valencia,Diego López,Desconocido,23,ES,0%,Lesionado/Duda,22.0,3.0,0.0,0.0,2.0,0.0,1.0,78,3.5,0.0,0,2.0,10.0,78.0
20322,2025/26,25,Valencia,Foulquier,Desconocido,32,GP,0%,Lesionado/Duda,15.0,0.0,0.0,0.0,1.0,0.0,2.0,44,2.9,0.0,0,0.0,9.0,44.0
20322,2025/26,25,Valencia,Agirrezabala,Desconocido,25,ES,0%,Lesionado/Duda,18.0,0.0,0.0,1.0,1.0,0.0,-1.0,104,5.8,0.0,0,0.0,17.0,104.0
20322,2025/26,25,Valencia,Diakhaby,Desconocido,29,GN,0%,Lesionado/Duda,8.0,1.0,0.0,0.0,3.0,0.0,-1.0,38,4.8,0.0,0,0.0,8.0,38.0
20322,2025/26,25,Villarreal,Buchanan,Desconocido,27,CA,80%,Sano,22.0,5.0,1.0,0.0,7.0,0.0,1.4,108,4.9,0.0,1,9.0,13.0,108.0
20322,2025/26,25,Villarreal,Luiz Junior,Portero,25,BR,90%,Sano,21.0,0.0,0.0,1.0,3.0,0.0,1.4,160,7.6,14.0,3,6.0,23.0,160.0
20322,2025/26,25,Villarreal,Pau Navarro,Desconocido,20,ES,70%,Sano,12.0,0.0,0.0,0.0,3.0,0.0,1.2,42,3.5,12.0,0,5.0,8.0,42.0
20322,2025/26,25,Villarreal,Pedraza,Desconocido,29,ES,70%,Sano,18.0,1.0,2.0,0.0,5.0,0.0,1.0,76,4.2,4.0,2,0.0,10.0,76.0
20322,2025/26,25,Villarreal,Moleiro,Desconocido,22,ES,90%,Sano,23.0,9.0,4.0,0.0,2.0,0.0,2.1,164,7.1,5.0,0,17.0,23.0,164.0
20322,2025/26,25,Villarreal,Mouriño,Desconocido,24,UY,60%,Sano,17.0,0.0,1.0,0.0,8.0,1.0,1.3,82,4.8,8.0,0,10.0,11.0,82.0
20322,2025/26,25,Villarreal,Veiga,Desconocido,22,PT,90%,Sano,21.0,0.0,0.0,0.0,3.0,1.0,0.8,76,3.6,2.0,-3,6.0,11.0,76.0
20322,2025/26,25,Villarreal,P. Gueye,Desconocido,27,SN,70%,Sano,18.0,2.0,1.0,0.0,7.0,0.0,1.5,88,4.9,6.0,3,1.0,11.0,88.0
20322,2025/26,25,Villarreal,Parejo,Desconocido,36,ES,50%,Lesionado/Duda,20.0,0.0,0.0,0.0,2.0,0.0,0.9,63,3.2,0.0,2,7.0,9.0,63.0
20322,2025/26,25,Villarreal,Mikautadze,Desconocido,25,GE,80%,Sano,19.0,8.0,4.0,0.0,0.0,0.0,2.5,130,6.8,12.0,10,15.0,15.0,130.0
20322,2025/26,25,Villarreal,Pépé,Desconocido,30,CI,60%,Sano,23.0,3.0,4.0,0.0,3.0,0.0,1.7,139,6.0,12.0,1,13.0,16.0,139.0
20322,2025/26,25,Villarreal,Oluwaseyi,Desconocido,25,CA,50%,Sano,20.0,2.0,1.0,0.0,1.0,0.0,1.0,57,2.9,2.0,0,1.0,7.0,57.0
20322,2025/26,25,Villarreal,Comesaña,Desconocido,29,ES,50%,Sano,22.0,2.0,2.0,0.0,4.0,1.0,1.0,98,4.5,8.0,3,2.0,11.0,98.0
20322,2025/26,25,Villarreal,Freeman,Desconocido,21,US,40%,Sano,3.0,0.0,0.0,0.0,0.0,0.0,0.9,4,1.3,1.0,2,1.0,,
20322,2025/26,25,Villarreal,Rafa Marín,Desconocido,23,ES,40%,Lesionado/Duda,16.0,1.0,0.0,0.0,1.0,0.0,1.0,91,5.7,11.0,0,0.0,14.0,91.0
20322,2025/26,25,Villarreal,Ayoze,Desconocido,32,ES,40%,Sano,16.0,2.0,3.0,0.0,3.0,0.0,1.0,62,3.9,2.0,2,3.0,8.0,62.0
20322,2025/26,25,Villarreal,S. Cardona,Desconocido,26,ES,30%,Sano,19.0,0.0,3.0,0.0,3.0,0.0,1.0,81,4.3,8.0,0,1.0,10.0,81.0
20322,2025/26,25,Villarreal,Thomas,Desconocido,32,GH,30%,Sano,15.0,0.0,0.0,0.0,0.0,0.0,1.0,45,3.0,2.0,0,0.0,7.0,45.0
20322,2025/26,25,Villarreal,Tenas,Desconocido,24,ES,10%,Sano,3.0,0.0,0.0,0.0,0.0,0.0,-1.0,7,2.3,0.0,0,0.0,5.0,7.0
20322,2025/26,25,Villarreal,Conde,Desconocido,27,ES,0%,Sano,0.0,0.0,0.0,0.0,0.0,0.0,-1.0,0,0.0,0.0,0,0.0,1.0,0.0
20322,2025/26,25,Villarreal,Kambwala,Desconocido,21,FR,0%,Lesionado/Duda,,,,,,,-1.0,0,0.0,0.0,0,0.0,5.3,0.0
20322,2025/26,25,Villarreal,Alfon,Desconocido,26,ES,0%,Lesionado/Duda,,,,,,,-1.0,32,3.2,0.0,0,0.0,6.0,32.0
20322,2025/26,25,Villarreal,Gerard,Desconocido,33,ES,0%,Lesionado/Duda,12.0,7.0,0.0,0.0,0.0,0.0,-1.0,94,7.8,0.0,0,0.0,13.0,94.0
20322,2025/26,25,Villarreal,Costa,Desconocido,24,CV,0%,Lesionado/Duda,,,,,,,-1.0,0,0.0,0.0,0,0.0,4.9,0.0
20322,2025/26,25,Villarreal,Cabanes,Desconocido,21,ES,0%,Lesionado/Duda,0.0,0.0,0.0,0.0,0.0,0.0,-1.0,0,0.0,0.0,0,0.0,1.0,0.0
20322,2025/26,25,Villarreal,Foyth,Desconocido,28,AR,0%,Lesionado/Duda,13.0,0.0,0.0,0.0,2.0,0.0,-1.0,63,4.8,0.0,0,0.0,10.0,63.0
