ID_Partido,Temporada,Jornada,Local,Visitante,Equipo_Jugador,Es_Local,Jugador,Posicion,Puntos,Relevo
18066,24-25,19,Mallorca,Barcelona,Mallorca,1,Leo Román,Portero,0,0
18066,24-25,19,Mallorca,Barcelona,Mallorca,1,Mojica,Defensa,-5,0
18066,24-25,19,Mallorca,Barcelona,Mallorca,1,Raíllo,Defensa,-3,0
18066,24-25,19,Mallorca,Barcelona,Mallorca,1,Maffeo,Defensa,6,2
18066,24-25,19,Mallorca,Barcelona,Mallorca,1,Valery,Defensa,0,0
18066,24-25,19,Mallorca,Barcelona,Mallorca,1,Valjent,Defensa,-1,0
18066,24-25,19,Mallorca,Barcelona,Mallorca,1,Darder,Mediocampista,3,2
18066,24-25,19,Mallorca,Barcelona,Mallorca,1,Morlanes,Mediocampista,0,0
18066,24-25,19,Mallorca,Barcelona,Mallorca,1,Antonio,Mediocampista,1,0
18066,24-25,19,Mallorca,Barcelona,Mallorca,1,Samú,Mediocampista,0,0
18066,24-25,19,Mallorca,Barcelona,Mallorca,1,Muriqi,Delantero,6,1
18066,24-25,19,Mallorca,Barcelona,Mallorca,1,Greif,Portero,0,0
18066,24-25,19,Mallorca,Barcelona,Mallorca,1,Morey,Defensa,-1,0
18066,24-25,19,Mallorca,Barcelona,Mallorca,1,Van Der Heyden,Defensa,0,0
18066,24-25,19,Mallorca,Barcelona,Mallorca,1,Mascarell,Mediocampista,0,0
18066,24-25,19,Mallorca,Barcelona,Mallorca,1,Dani Rodríguez,Mediocampista,0,0
18066,24-25,19,Mallorca,Barcelona,Mallorca,1,Navarro,Mediocampista,1,1
18066,24-25,19,Mallorca,Barcelona,Mallorca,1,Chiquinho,Delantero,0,0
18066,24-25,19,Mallorca,Barcelona,Mallorca,1,Llabrés,Delantero,0,0
18066,24-25,19,Mallorca,Barcelona,Mallorca,1,Luna,Mediocampista,0,0
18066,24-25,19,Mallorca,Barcelona,Mallorca,1,Abdon,Delantero,-1,0
18066,24-25,19,Mallorca,Barcelona,Mallorca,1,Larin,Delantero,0,0
18066,24-25,19,Mallorca,Barcelona,Mallorca,1,Asano,Delantero,0,0
18066,24-25,19,Mallorca,Barcelona,Barcelona,0,Peña,Portero,6,2
18066,24-25,19,Mallorca,Barcelona,Barcelona,0,Íñigo,Defensa,5,2
18066,24-25,19,Mallorca,Barcelona,Barcelona,0,Koundé,Defensa,5,2
18066,24-25,19,Mallorca,Barcelona,Barcelona,0,Balde,Defensa,5,2
18066,24-25,19,Mallorca,Barcelona,Barcelona,0,Cubarsí,Defensa,2,1
18066,24-25,19,Mallorca,Barcelona,Barcelona,0,Pedri,Mediocampista,5,2
18066,24-25,19,Mallorca,Barcelona,Barcelona,0,Casadó,Mediocampista,2,1
18066,24-25,19,Mallorca,Barcelona,Barcelona,0,Olmo,Mediocampista,3,1
18066,24-25,19,Mallorca,Barcelona,Barcelona,0,Raphinha,Delantero,18,4
18066,24-25,19,Mallorca,Barcelona,Barcelona,0,Ferran,Delantero,10,3
18066,24-25,19,Mallorca,Barcelona,Barcelona,0,Yamal,Delantero,13,4
18066,24-25,19,Mallorca,Barcelona,Barcelona,0,Szczesny,Portero,0,0
18066,24-25,19,Mallorca,Barcelona,Barcelona,0,Astralaga,Portero,0,0
18066,24-25,19,Mallorca,Barcelona,Barcelona,0,Eric García,Defensa,1,0
18066,24-25,19,Mallorca,Barcelona,Barcelona,0,Fort,Defensa,0,0
18066,24-25,19,Mallorca,Barcelona,Barcelona,0,Martín,Defensa,0,0
18066,24-25,19,Mallorca,Barcelona,Barcelona,0,Sergi Domínguez,Defensa,0,0
18066,24-25,19,Mallorca,Barcelona,Barcelona,0,F. de Jong,Mediocampista,14,4
18066,24-25,19,Mallorca,Barcelona,Barcelona,0,Gavi,Mediocampista,4,2
18066,24-25,19,Mallorca,Barcelona,Barcelona,0,Pablo Torre,Mediocampista,0,0
18066,24-25,19,Mallorca,Barcelona,Barcelona,0,Fermín,Mediocampista,2,1
18066,24-25,19,Mallorca,Barcelona,Barcelona,0,Lewandowski,Delantero,0,0
18066,24-25,19,Mallorca,Barcelona,Barcelona,0,Pau Víctor,Mediocampista,8,2
18061,24-25,19,Athletic,Real Madrid,Athletic,1,Agirrezabala,Portero,9,3
18061,24-25,19,Athletic,Real Madrid,Athletic,1,Yeray,Defensa,4,1
18061,24-25,19,Athletic,Real Madrid,Athletic,1,Gorosabel,Defensa,3,1
18061,24-25,19,Athletic,Real Madrid,Athletic,1,Vivian,Defensa,5,2
18061,24-25,19,Athletic,Real Madrid,Athletic,1,Boiro,Mediocampista,3,1
18061,24-25,19,Athletic,Real Madrid,Athletic,1,Berenguer,Delantero,10,3
18061,24-25,19,Athletic,Real Madrid,Athletic,1,Sancet,Mediocampista,3,1
18061,24-25,19,Athletic,Real Madrid,Athletic,1,Prados,Mediocampista,5,1
18061,24-25,19,Athletic,Real Madrid,Athletic,1,N. Williams,Delantero,3,1
18061,24-25,19,Athletic,Real Madrid,Athletic,1,Jauregizar,Mediocampista,6,2
18061,24-25,19,Athletic,Real Madrid,Athletic,1,I. Williams,Delantero,6,3
18061,24-25,19,Athletic,Real Madrid,Athletic,1,Unai Simón,Portero,0,0
18061,24-25,19,Athletic,Real Madrid,Athletic,1,De Marcos,Defensa,2,1
18061,24-25,19,Athletic,Real Madrid,Athletic,1,Yuri,Defensa,1,0
18061,24-25,19,Athletic,Real Madrid,Athletic,1,Lekue,Defensa,0,0
18061,24-25,19,Athletic,Real Madrid,Athletic,1,Núñez,Defensa,0,0
18061,24-25,19,Athletic,Real Madrid,Athletic,1,Paredes,Defensa,0,0
18061,24-25,19,Athletic,Real Madrid,Athletic,1,R. de Galarreta,Mediocampista,0,0
18061,24-25,19,Athletic,Real Madrid,Athletic,1,Vesga,Mediocampista,0,0
18061,24-25,19,Athletic,Real Madrid,Athletic,1,Serrano,Delantero,0,0
18061,24-25,19,Athletic,Real Madrid,Athletic,1,Unai Gómez,Mediocampista,2,1
18061,24-25,19,Athletic,Real Madrid,Athletic,1,Guruzeta,Delantero,6,2
18061,24-25,19,Athletic,Real Madrid,Athletic,1,Martón,Delantero,0,0
18061,24-25,19,Athletic,Real Madrid,Athletic,1,Djaló,Delantero,0,0
18061,24-25,19,Athletic,Real Madrid,Real Madrid,0,Courtois,Portero,0,1
18061,24-25,19,Athletic,Real Madrid,Real Madrid,0,Lucas,Defensa,-2,0
18061,24-25,19,Athletic,Real Madrid,Real Madrid,0,Rüdiger,Defensa,5,2
18061,24-25,19,Athletic,Real Madrid,Real Madrid,0,Fran García,Defensa,2,1
18061,24-25,19,Athletic,Real Madrid,Real Madrid,0,Asencio,Defensa,5,2
18061,24-25,19,Athletic,Real Madrid,Real Madrid,0,Ceballos,Mediocampista,5,2
18061,24-25,19,Athletic,Real Madrid,Real Madrid,0,Valverde,Mediocampista,3,2
18061,24-25,19,Athletic,Real Madrid,Real Madrid,0,Bellingham,Mediocampista,7,3
18061,24-25,19,Athletic,Real Madrid,Real Madrid,0,Tchouaméni,Mediocampista,2,1
18061,24-25,19,Athletic,Real Madrid,Real Madrid,0,Mbappé,Delantero,2,2
18061,24-25,19,Athletic,Real Madrid,Real Madrid,0,Rodrygo,Delantero,8,4
18061,24-25,19,Athletic,Real Madrid,Real Madrid,0,Lunin,Portero,0,0
18061,24-25,19,Athletic,Real Madrid,Real Madrid,0,Mestre,Portero,0,0
18061,24-25,19,Athletic,Real Madrid,Real Madrid,0,Vallejo,Defensa,0,0
18061,24-25,19,Athletic,Real Madrid,Real Madrid,0,Mendy,Defensa,1,0
18061,24-25,19,Athletic,Real Madrid,Real Madrid,0,Lorenzo,Defensa,0,0
18061,24-25,19,Athletic,Real Madrid,Real Madrid,0,Modric,Mediocampista,2,1
18061,24-25,19,Athletic,Real Madrid,Real Madrid,0,Brahim,Mediocampista,2,1
18061,24-25,19,Athletic,Real Madrid,Real Madrid,0,Güler,Mediocampista,2,1
18061,24-25,19,Athletic,Real Madrid,Real Madrid,0,Gonzalo,Delantero,0,0
18061,24-25,19,Athletic,Real Madrid,Real Madrid,0,Endrick,Delantero,1,0
18067,24-25,19,Rayo,Celta,Rayo,1,Cárdenas,Portero,6,2
18067,24-25,19,Rayo,Celta,Rayo,1,Lejeune,Defensa,7,2
18067,24-25,19,Rayo,Celta,Rayo,1,Ratiu,Defensa,4,2
18067,24-25,19,Rayo,Celta,Rayo,1,Pep Chavarría,Defensa,3,1
18067,24-25,19,Rayo,Celta,Rayo,1,Mumin,Defensa,4,1
18067,24-25,19,Rayo,Celta,Rayo,1,Embarba,Delantero,10,2
18067,24-25,19,Rayo,Celta,Rayo,1,Unai López,Mediocampista,7,3
18067,24-25,19,Rayo,Celta,Rayo,1,De Frutos,Mediocampista,9,3
18067,24-25,19,Rayo,Celta,Rayo,1,Isi,Delantero,6,1
18067,24-25,19,Rayo,Celta,Rayo,1,Pathé Ciss,Mediocampista,3,1
18067,24-25,19,Rayo,Celta,Rayo,1,Camello,Delantero,9,3
18067,24-25,19,Rayo,Celta,Rayo,1,Juanpe,Portero,0,0
18067,24-25,19,Rayo,Celta,Rayo,1,Aridane,Defensa,0,0
18067,24-25,19,Rayo,Celta,Rayo,1,Espino,Defensa,0,0
18067,24-25,19,Rayo,Celta,Rayo,1,Balliu,Defensa,2,1
18067,24-25,19,Rayo,Celta,Rayo,1,Pelayo,Defensa,0,0
18067,24-25,19,Rayo,Celta,Rayo,1,Álvaro García,Mediocampista,3,1
18067,24-25,19,Rayo,Celta,Rayo,1,Gumbau,Mediocampista,0,0
18067,24-25,19,Rayo,Celta,Rayo,1,Pedro Díaz,Mediocampista,2,1
18067,24-25,19,Rayo,Celta,Rayo,1,Trejo,Mediocampista,0,0
18067,24-25,19,Rayo,Celta,Rayo,1,Valentín,Mediocampista,2,1
18067,24-25,19,Rayo,Celta,Rayo,1,Guardiola,Delantero,0,0
18067,24-25,19,Rayo,Celta,Rayo,1,Nteka,Mediocampista,1,0
18067,24-25,19,Rayo,Celta,Celta,0,Guaita,Portero,3,1
18067,24-25,19,Rayo,Celta,Celta,0,M. Alonso,Defensa,0,2
18067,24-25,19,Rayo,Celta,Celta,0,Mingueza,Defensa,0,1
18067,24-25,19,Rayo,Celta,Celta,0,Domínguez,Defensa,3,1
18067,24-25,19,Rayo,Celta,Celta,0,Starfelt,Defensa,1,0
18067,24-25,19,Rayo,Celta,Celta,0,Cervi,Mediocampista,3,2
18067,24-25,19,Rayo,Celta,Celta,0,Beltrán,Mediocampista,4,1
18067,24-25,19,Rayo,Celta,Celta,0,Bamba,Mediocampista,8,3
18067,24-25,19,Rayo,Celta,Celta,0,Moriba,Mediocampista,7,3
18067,24-25,19,Rayo,Celta,Celta,0,Alfon,Delantero,2,1
18067,24-25,19,Rayo,Celta,Celta,0,Iglesias,Delantero,11,4
18067,24-25,19,Rayo,Celta,Celta,0,Iván Villar,Portero,0,0
18067,24-25,19,Rayo,Celta,Celta,0,Carrillo,Portero,0,0
18067,24-25,19,Rayo,Celta,Celta,0,Manquillo,Defensa,0,0
18067,24-25,19,Rayo,Celta,Celta,0,Aidoo,Defensa,0,0
18067,24-25,19,Rayo,Celta,Celta,0,Carreira,Defensa,2,1
18067,24-25,19,Rayo,Celta,Celta,0,Lago,Defensa,0,0
18067,24-25,19,Rayo,Celta,Celta,0,De la Torre,Mediocampista,0,0
18067,24-25,19,Rayo,Celta,Celta,0,Sotelo,Mediocampista,4,2
18067,24-25,19,Rayo,Celta,Celta,0,Hugo Álvarez,Mediocampista,2,1
18067,24-25,19,Rayo,Celta,Celta,0,Damián,Mediocampista,0,0
18067,24-25,19,Rayo,Celta,Celta,0,Swedberg,Mediocampista,2,1
18067,24-25,19,Rayo,Celta,Celta,0,Durán,Delantero,2,1
18067,24-25,19,Rayo,Celta,Celta,0,Douvikas,Delantero,0,0
18063,24-25,19,Alavés,Girona,Alavés,1,Owono,Portero,1,1
18063,24-25,19,Alavés,Girona,Alavés,1,Abqar,Defensa,4,1
18063,24-25,19,Alavés,Girona,Alavés,1,Manu Sánchez,Defensa,2,1
18063,24-25,19,Alavés,Girona,Alavés,1,Tenaglia,Defensa,6,2
18063,24-25,19,Alavés,Girona,Alavés,1,Diarra,Defensa,5,2
18063,24-25,19,Alavés,Girona,Alavés,1,Jordan,Mediocampista,2,1
18063,24-25,19,Alavés,Girona,Alavés,1,Guridi,Mediocampista,2,1
18063,24-25,19,Alavés,Girona,Alavés,1,Blanco,Mediocampista,10,3
18063,24-25,19,Alavés,Girona,Alavés,1,Carlos Vicente,Delantero,5,2
18063,24-25,19,Alavés,Girona,Alavés,1,Kike García,Delantero,4,1
18063,24-25,19,Alavés,Girona,Alavés,1,Carlos Martín,Mediocampista,2,1
18063,24-25,19,Alavés,Girona,Alavés,1,Adrián,Portero,0,0
18063,24-25,19,Alavés,Girona,Alavés,1,Sedlar,Defensa,0,0
18063,24-25,19,Alavés,Girona,Alavés,1,Novoa,Defensa,0,0
18063,24-25,19,Alavés,Girona,Alavés,1,Garcés,Defensa,0,0
18063,24-25,19,Alavés,Girona,Alavés,1,Pica,Defensa,0,0
18063,24-25,19,Alavés,Girona,Alavés,1,Guevara,Mediocampista,6,3
18063,24-25,19,Alavés,Girona,Alavés,1,Protesoni,Mediocampista,0,0
18063,24-25,19,Alavés,Girona,Alavés,1,Rebbach,Mediocampista,0,0
18063,24-25,19,Alavés,Girona,Alavés,1,Conechny,Delantero,4,2
18063,24-25,19,Alavés,Girona,Alavés,1,Villalibre,Delantero,2,1
18063,24-25,19,Alavés,Girona,Alavés,1,Toni Martinez,Delantero,3,1
18063,24-25,19,Alavés,Girona,Alavés,1,Stoichkov,Mediocampista,0,0
18063,24-25,19,Alavés,Girona,Girona,0,Gazzaniga,Portero,12,4
18063,24-25,19,Alavés,Girona,Girona,0,David López,Defensa,9,3
18063,24-25,19,Alavés,Girona,Girona,0,Blind,Defensa,10,4
18063,24-25,19,Alavés,Girona,Girona,0,Krejcí,Defensa,7,2
18063,24-25,19,Alavés,Girona,Girona,0,Miguel,Defensa,3,2
18063,24-25,19,Alavés,Girona,Girona,0,Arnau,Defensa,6,2
18063,24-25,19,Alavés,Girona,Girona,0,Van de Beek,Mediocampista,5,1
18063,24-25,19,Alavés,Girona,Girona,0,Bryan Gil,Delantero,4,2
18063,24-25,19,Alavés,Girona,Girona,0,Herrera,Mediocampista,4,2
18063,24-25,19,Alavés,Girona,Girona,0,Iván Martín,Mediocampista,2,1
18063,24-25,19,Alavés,Girona,Girona,0,Abel Ruiz,Delantero,4,1
18063,24-25,19,Alavés,Girona,Girona,0,Pau López,Portero,0,0
18063,24-25,19,Alavés,Girona,Girona,0,Juan Carlos,Portero,0,0
18063,24-25,19,Alavés,Girona,Girona,0,Juanpe,Defensa,0,0
18063,24-25,19,Alavés,Girona,Girona,0,Francés,Defensa,0,0
18063,24-25,19,Alavés,Girona,Girona,0,Romeu,Mediocampista,3,1
18063,24-25,19,Alavés,Girona,Girona,0,Tsygankov,Delantero,2,1
18063,24-25,19,Alavés,Girona,Girona,0,Selvi,Mediocampista,0,0
18063,24-25,19,Alavés,Girona,Girona,0,Jastin,Mediocampista,0,0
18063,24-25,19,Alavés,Girona,Girona,0,Solís,Mediocampista,10,4
18063,24-25,19,Alavés,Girona,Girona,0,Misehouy,Mediocampista,0,0
18063,24-25,19,Alavés,Girona,Girona,0,Stuani,Delantero,0,0
18063,24-25,19,Alavés,Girona,Girona,0,Danjuma,Mediocampista,4,2
18069,24-25,19,Valladolid,Betis,Valladolid,1,Hein,Portero,10,3
18069,24-25,19,Valladolid,Betis,Valladolid,1,Javi Sánchez,Defensa,10,2
18069,24-25,19,Valladolid,Betis,Valladolid,1,Luis Pérez,Defensa,7,2
18069,24-25,19,Valladolid,Betis,Valladolid,1,Rosa,Defensa,13,4
18069,24-25,19,Valladolid,Betis,Valladolid,1,Juma Bah,Defensa,0,0
18069,24-25,19,Valladolid,Betis,Valladolid,1,Anuar,Mediocampista,6,1
18069,24-25,19,Valladolid,Betis,Valladolid,1,Kike Pérez,Mediocampista,15,4
18069,24-25,19,Valladolid,Betis,Valladolid,1,Raul Moro,Mediocampista,6,1
18069,24-25,19,Valladolid,Betis,Valladolid,1,Mario Martín,Mediocampista,9,2
18069,24-25,19,Valladolid,Betis,Valladolid,1,Juric,Mediocampista,6,1
18069,24-25,19,Valladolid,Betis,Valladolid,1,Marcos André,Delantero,4,1
18069,24-25,19,Valladolid,Betis,Valladolid,1,Ferreira,Portero,0,0
18069,24-25,19,Valladolid,Betis,Valladolid,1,Cömert 45',Defensa,2,1
18069,24-25,19,Valladolid,Betis,Valladolid,1,Torres,Defensa,3,1
18069,24-25,19,Valladolid,Betis,Valladolid,1,Özkacar,Defensa,0,0
18069,24-25,19,Valladolid,Betis,Valladolid,1,Koke Iglesias,Defensa,0,0
18069,24-25,19,Valladolid,Betis,Valladolid,1,Chasco,Defensa,0,0
18069,24-25,19,Valladolid,Betis,Valladolid,1,Iván Sánchez,Mediocampista,2,1
18069,24-25,19,Valladolid,Betis,Valladolid,1,Chuki,Mediocampista,0,0
18069,24-25,19,Valladolid,Betis,Valladolid,1,Amallah,Mediocampista,0,0
18069,24-25,19,Valladolid,Betis,Valladolid,1,Sylla,Delantero,2,1
18069,24-25,19,Valladolid,Betis,Valladolid,1,Amath,Delantero,2,1
18069,24-25,19,Valladolid,Betis,Valladolid,1,Arnu,Delantero,0,0
18069,24-25,19,Valladolid,Betis,Betis,0,Vieites,Portero,4,1
18069,24-25,19,Valladolid,Betis,Betis,0,D. Llorente,Defensa,2,1
18069,24-25,19,Valladolid,Betis,Betis,0,Rodríguez,Defensa,3,2
18069,24-25,19,Valladolid,Betis,Betis,0,Y. Sabaly,Defensa,3,1
18069,24-25,19,Valladolid,Betis,Betis,0,Natan,Defensa,5,2
18069,24-25,19,Valladolid,Betis,Betis,0,Isco,Mediocampista,7,4
18069,24-25,19,Valladolid,Betis,Betis,0,Lo Celso,Mediocampista,1,0
18069,24-25,19,Valladolid,Betis,Betis,0,Altimira,Mediocampista,5,2
18069,24-25,19,Valladolid,Betis,Betis,0,Cardoso,Mediocampista,2,1
18069,24-25,19,Valladolid,Betis,Betis,0,Bakambu,Delantero,4,1
18069,24-25,19,Valladolid,Betis,Betis,0,Abde,Delantero,4,2
18069,24-25,19,Valladolid,Betis,Betis,0,Adrián,Portero,0,0
18069,24-25,19,Valladolid,Betis,Betis,0,Germán,Portero,0,0
18069,24-25,19,Valladolid,Betis,Betis,0,Bartra,Defensa,0,0
18069,24-25,19,Valladolid,Betis,Betis,0,Perraud,Defensa,0,0
18069,24-25,19,Valladolid,Betis,Betis,0,Ruibal,Delantero,2,1
18069,24-25,19,Valladolid,Betis,Betis,0,Losada,Mediocampista,0,0
18069,24-25,19,Valladolid,Betis,Betis,0,Flores,Mediocampista,0,0
18069,24-25,19,Valladolid,Betis,Betis,0,Jesús,Mediocampista,0,0
18069,24-25,19,Valladolid,Betis,Betis,0,Juanmi,Delantero,2,1
18069,24-25,19,Valladolid,Betis,Betis,0,Vitor Roque,Delantero,0,0
18064,24-25,19,Espanyol,Leganés,Espanyol,1,Joan Garcia,Portero,8,3
18064,24-25,19,Espanyol,Leganés,Espanyol,1,Cabrera,Defensa,11,3
18064,24-25,19,Espanyol,Leganés,Espanyol,1,Tejero,Defensa,3,1
18064,24-25,19,Espanyol,Leganés,Espanyol,1,Oliván,Defensa,4,2
18064,24-25,19,Espanyol,Leganés,Espanyol,1,Kumbulla,Mediocampista,4,1
18064,24-25,19,Espanyol,Leganés,Espanyol,1,El Hilali,Defensa,2,1
18064,24-25,19,Espanyol,Leganés,Espanyol,1,Lozano,Mediocampista,6,3
18064,24-25,19,Espanyol,Leganés,Espanyol,1,Kral,Mediocampista,10,4
18064,24-25,19,Espanyol,Leganés,Espanyol,1,Jofre,Delantero,3,2
18064,24-25,19,Espanyol,Leganés,Espanyol,1,Roca,Mediocampista,5,2
18064,24-25,19,Espanyol,Leganés,Espanyol,1,Puado,Mediocampista,3,1
18064,24-25,19,Espanyol,Leganés,Espanyol,1,Pacheco,Portero,0,0
18064,24-25,19,Espanyol,Leganés,Espanyol,1,Fortuño,Portero,0,0
18064,24-25,19,Espanyol,Leganés,Espanyol,1,Sergi Gómez,Defensa,0,0
18064,24-25,19,Espanyol,Leganés,Espanyol,1,Calero,Defensa,2,1
18064,24-25,19,Espanyol,Leganés,Espanyol,1,Pere Milla,Delantero,0,0
18064,24-25,19,Espanyol,Leganés,Espanyol,1,Edu Expósito,Mediocampista,1,1
18064,24-25,19,Espanyol,Leganés,Espanyol,1,Almansa,Mediocampista,0,0
18064,24-25,19,Espanyol,Leganés,Espanyol,1,Bauzà,Mediocampista,0,0
18064,24-25,19,Espanyol,Leganés,Espanyol,1,Smith,Mediocampista,0,0
18064,24-25,19,Espanyol,Leganés,Espanyol,1,Cardona,Delantero,2,1
18064,24-25,19,Espanyol,Leganés,Espanyol,1,Cheddira,Delantero,1,0
18064,24-25,19,Espanyol,Leganés,Espanyol,1,Véliz,Delantero,2,1
18064,24-25,19,Espanyol,Leganés,Leganés,0,Dmitrovic,Portero,7,2
18064,24-25,19,Espanyol,Leganés,Leganés,0,Nastasic,Defensa,5,1
18064,24-25,19,Espanyol,Leganés,Leganés,0,Sergio,Defensa,5,1
18064,24-25,19,Espanyol,Leganés,Leganés,0,Rosier,Defensa,4,1
18064,24-25,19,Espanyol,Leganés,Leganés,0,Brasanac,Mediocampista,0,0
18064,24-25,19,Espanyol,Leganés,Leganés,0,Tapia,Mediocampista,6,2
18064,24-25,19,Espanyol,Leganés,Leganés,0,Cisse,Mediocampista,11,3
18064,24-25,19,Espanyol,Leganés,Leganés,0,Neyou,Mediocampista,5,2
18064,24-25,19,Espanyol,Leganés,Leganés,0,Juan Cruz,Mediocampista,7,2
18064,24-25,19,Espanyol,Leganés,Leganés,0,Raba,Delantero,5,2
18064,24-25,19,Espanyol,Leganés,Leganés,0,Miguel,Delantero,10,3
18064,24-25,19,Espanyol,Leganés,Leganés,0,Soriano,Portero,-3,0
18064,24-25,19,Espanyol,Leganés,Leganés,0,Alvin,Portero,0,0
18064,24-25,19,Espanyol,Leganés,Leganés,0,Javi Hernández,Mediocampista,3,1
18064,24-25,19,Espanyol,Leganés,Leganés,0,Altimira,Defensa,0,0
18064,24-25,19,Espanyol,Leganés,Leganés,0,Porozo,Defensa,0,0
18064,24-25,19,Espanyol,Leganés,Leganés,0,Bachiller,Defensa,0,0
18064,24-25,19,Espanyol,Leganés,Leganés,0,Roberto López,Mediocampista,2,1
18064,24-25,19,Espanyol,Leganés,Leganés,0,Naim,Mediocampista,0,0
18064,24-25,19,Espanyol,Leganés,Leganés,0,Munir,Delantero,0,0
18064,24-25,19,Espanyol,Leganés,Leganés,0,Diego García,Delantero,1,0
18070,24-25,19,Sevilla,Valencia,Sevilla,1,Nyland,Portero,3,1
18070,24-25,19,Sevilla,Valencia,Sevilla,1,Gudelj,Mediocampista,6,2
18070,24-25,19,Sevilla,Valencia,Sevilla,1,Carmona,Defensa,3,1
18070,24-25,19,Sevilla,Valencia,Sevilla,1,Kike Salas,Defensa,3,2
18070,24-25,19,Sevilla,Valencia,Sevilla,1,Badé,Defensa,6,2
18070,24-25,19,Sevilla,Valencia,Sevilla,1,Saúl,Mediocampista,3,2
18070,24-25,19,Sevilla,Valencia,Sevilla,1,Sow,Mediocampista,3,1
18070,24-25,19,Sevilla,Valencia,Sevilla,1,Lokonga,Mediocampista,7,3
18070,24-25,19,Sevilla,Valencia,Sevilla,1,Agoume,Mediocampista,4,1
18070,24-25,19,Sevilla,Valencia,Sevilla,1,Lukebakio,Delantero,9,3
18070,24-25,19,Sevilla,Valencia,Sevilla,1,Romero,Delantero,2,1
18070,24-25,19,Sevilla,Valencia,Sevilla,1,Álvaro,Portero,0,0
18070,24-25,19,Sevilla,Valencia,Sevilla,1,Alberto,Portero,0,0
18070,24-25,19,Sevilla,Valencia,Sevilla,1,Marcão,Defensa,0,0
18070,24-25,19,Sevilla,Valencia,Sevilla,1,Pedrosa,Defensa,10,3
18070,24-25,19,Sevilla,Valencia,Sevilla,1,Juanlu,Mediocampista,3,2
18070,24-25,19,Sevilla,Valencia,Sevilla,1,Montiel,Defensa,0,0
18070,24-25,19,Sevilla,Valencia,Sevilla,1,Suso,Delantero,0,0
18070,24-25,19,Sevilla,Valencia,Sevilla,1,Ortiz,Mediocampista,0,0
18070,24-25,19,Sevilla,Valencia,Sevilla,1,Idumbo M.,Mediocampista,2,1
18070,24-25,19,Sevilla,Valencia,Sevilla,1,Vargas,Delantero,0,0
18070,24-25,19,Sevilla,Valencia,Sevilla,1,Peque,Delantero,1,0
18070,24-25,19,Sevilla,Valencia,Sevilla,1,García Pascual,Delantero,0,0
18070,24-25,19,Sevilla,Valencia,Valencia,0,Mamardashvili,Portero,8,3
18070,24-25,19,Sevilla,Valencia,Valencia,0,Gayà,Defensa,9,3
18070,24-25,19,Sevilla,Valencia,Valencia,0,Foulquier,Defensa,3,1
18070,24-25,19,Sevilla,Valencia,Valencia,0,Mosquera,Defensa,5,2
18070,24-25,19,Sevilla,Valencia,Valencia,0,Tárrega,Defensa,5,2
18070,24-25,19,Sevilla,Valencia,Valencia,0,Rioja,Mediocampista,10,3
18070,24-25,19,Sevilla,Valencia,Valencia,0,Javi Guerra,Mediocampista,6,2
18070,24-25,19,Sevilla,Valencia,Valencia,0,Almeida,Mediocampista,6,2
18070,24-25,19,Sevilla,Valencia,Valencia,0,Barrenechea,Mediocampista,4,2
18070,24-25,19,Sevilla,Valencia,Valencia,0,Duro,Delantero,10,3
18070,24-25,19,Sevilla,Valencia,Valencia,0,Diego López,Delantero,5,1
18070,24-25,19,Sevilla,Valencia,Valencia,0,Jaume,Portero,0,0
18070,24-25,19,Sevilla,Valencia,Valencia,0,Dimitrievski,Portero,0,0
18070,24-25,19,Sevilla,Valencia,Valencia,0,Jesús Vázquez,Defensa,1,0
18070,24-25,19,Sevilla,Valencia,Valencia,0,Iranzo,Defensa,0,0
18070,24-25,19,Sevilla,Valencia,Valencia,0,Yarek,Defensa,2,1
18070,24-25,19,Sevilla,Valencia,Valencia,0,Córdoba,Defensa,0,0
18070,24-25,19,Sevilla,Valencia,Valencia,0,Caufriez,Defensa,0,0
18070,24-25,19,Sevilla,Valencia,Valencia,0,Pepelu,Mediocampista,1,0
18070,24-25,19,Sevilla,Valencia,Valencia,0,Guillamón,Mediocampista,0,0
18070,24-25,19,Sevilla,Valencia,Valencia,0,Valera,Mediocampista,0,0
18070,24-25,19,Sevilla,Valencia,Valencia,0,Canós,Delantero,2,1
18070,24-25,19,Sevilla,Valencia,Valencia,0,Dani Gómez,Delantero,0,0
18070,24-25,19,Sevilla,Valencia,Valencia,0,Sadiq,Delantero,0,0
18065,24-25,19,Las Palmas,Getafe,Las Palmas,1,Cillessen,Portero,1,1
18065,24-25,19,Las Palmas,Getafe,Las Palmas,1,Alex Suárez,Defensa,1,2
18065,24-25,19,Las Palmas,Getafe,Las Palmas,1,McKenna,Defensa,3,1
18065,24-25,19,Las Palmas,Getafe,Las Palmas,1,Mármol,Defensa,4,2
18065,24-25,19,Las Palmas,Getafe,Las Palmas,1,Herzog,Defensa,2,2
18065,24-25,19,Las Palmas,Getafe,Las Palmas,1,Javi Muñoz,Mediocampista,1,1
18065,24-25,19,Las Palmas,Getafe,Las Palmas,1,Kirian,Mediocampista,3,2
18065,24-25,19,Las Palmas,Getafe,Las Palmas,1,Essugo,Mediocampista,2,1
18065,24-25,19,Las Palmas,Getafe,Las Palmas,1,Moleiro,Mediocampista,2,1
18065,24-25,19,Las Palmas,Getafe,Las Palmas,1,Sandro,Delantero,7,2
18065,24-25,19,Las Palmas,Getafe,Las Palmas,1,Fábio Silva,Delantero,1,1
18065,24-25,19,Las Palmas,Getafe,Las Palmas,1,Horkas,Portero,0,0
18065,24-25,19,Las Palmas,Getafe,Las Palmas,1,Álex Muñoz,Defensa,0,0
18065,24-25,19,Las Palmas,Getafe,Las Palmas,1,Januzaj,Mediocampista,8,2
18065,24-25,19,Las Palmas,Getafe,Las Palmas,1,Benito,Mediocampista,0,0
18065,24-25,19,Las Palmas,Getafe,Las Palmas,1,Fuster,Mediocampista,1,1
18065,24-25,19,Las Palmas,Getafe,Las Palmas,1,Loiodice,Mediocampista,2,1
18065,24-25,19,Las Palmas,Getafe,Las Palmas,1,Marvin,Mediocampista,0,0
18065,24-25,19,Las Palmas,Getafe,Las Palmas,1,M. Cardona,Delantero,2,1
18065,24-25,19,Las Palmas,Getafe,Las Palmas,1,McBurnie,Delantero,0,0
18065,24-25,19,Las Palmas,Getafe,Las Palmas,1,Mata,Delantero,1,0
18065,24-25,19,Las Palmas,Getafe,Getafe,0,Soria,Portero,14,4
18065,24-25,19,Las Palmas,Getafe,Getafe,0,Djené,Defensa,4,1
18065,24-25,19,Las Palmas,Getafe,Getafe,0,D. Duarte,Defensa,6,1
18065,24-25,19,Las Palmas,Getafe,Getafe,0,Iglesias,Defensa,5,2
18065,24-25,19,Las Palmas,Getafe,Getafe,0,Alderete,Defensa,3,1
18065,24-25,19,Las Palmas,Getafe,Getafe,0,Aleñá,Mediocampista,5,1
18065,24-25,19,Las Palmas,Getafe,Getafe,0,Arambarri,Mediocampista,2,1
18065,24-25,19,Las Palmas,Getafe,Getafe,0,Luis Milla,Mediocampista,2,2
18065,24-25,19,Las Palmas,Getafe,Getafe,0,Uche,Mediocampista,10,4
18065,24-25,19,Las Palmas,Getafe,Getafe,0,Yildirim,Delantero,4,1
18065,24-25,19,Las Palmas,Getafe,Getafe,0,Coba,Mediocampista,14,4
18065,24-25,19,Las Palmas,Getafe,Getafe,0,Benito,Portero,0,0
18065,24-25,19,Las Palmas,Getafe,Getafe,0,Letácek,Portero,0,0
18065,24-25,19,Las Palmas,Getafe,Getafe,0,Álex Sola,Defensa,2,1
18065,24-25,19,Las Palmas,Getafe,Getafe,0,Bekhoucha,Defensa,0,0
18065,24-25,19,Las Palmas,Getafe,Getafe,0,Argüelles,Defensa,0,0
18065,24-25,19,Las Palmas,Getafe,Getafe,0,Lohr,Defensa,0,0
18065,24-25,19,Las Palmas,Getafe,Getafe,0,Carles Pérez,Delantero,0,0
18065,24-25,19,Las Palmas,Getafe,Getafe,0,Patrick Finn,Mediocampista,0,0
18065,24-25,19,Las Palmas,Getafe,Getafe,0,Peter,Mediocampista,2,1
18065,24-25,19,Las Palmas,Getafe,Getafe,0,Mayoral,Delantero,8,3
18065,24-25,19,Las Palmas,Getafe,Getafe,0,Alvaro R.,Delantero,0,0
18065,24-25,19,Las Palmas,Getafe,Getafe,0,Cuéllar,Delantero,0,0
18062,24-25,19,Atlético,Osasuna,Atlético,1,Oblak,Portero,11,3
18062,24-25,19,Atlético,Osasuna,Atlético,1,Lenglet,Defensa,13,4
18062,24-25,19,Atlético,Osasuna,Atlético,1,Le Normand,Defensa,9,2
18062,24-25,19,Atlético,Osasuna,Atlético,1,Galán,Defensa,8,2
18062,24-25,19,Atlético,Osasuna,Atlético,1,Molina,Defensa,8,3
18062,24-25,19,Atlético,Osasuna,Atlético,1,De Paul,Mediocampista,8,3
18062,24-25,19,Atlético,Osasuna,Atlético,1,Gallagher,Mediocampista,1,0
18062,24-25,19,Atlético,Osasuna,Atlético,1,Giuliano,Delantero,4,1
18062,24-25,19,Atlético,Osasuna,Atlético,1,Barrios,Mediocampista,5,2
18062,24-25,19,Atlético,Osasuna,Atlético,1,Griezmann,Delantero,6,2
18062,24-25,19,Atlético,Osasuna,Atlético,1,Alvarez,Delantero,11,3
18062,24-25,19,Atlético,Osasuna,Atlético,1,Musso,Portero,0,0
18062,24-25,19,Atlético,Osasuna,Atlético,1,Gomis,Portero,0,0
18062,24-25,19,Atlético,Osasuna,Atlético,1,Azpilicueta,Defensa,0,0
18062,24-25,19,Atlético,Osasuna,Atlético,1,Witsel,Defensa,0,0
18062,24-25,19,Atlético,Osasuna,Atlético,1,Reinildo,Defensa,0,0
18062,24-25,19,Atlético,Osasuna,Atlético,1,Koke,Mediocampista,0,0
18062,24-25,19,Atlético,Osasuna,Atlético,1,M. Llorente,Mediocampista,2,1
18062,24-25,19,Atlético,Osasuna,Atlético,1,Lemar,Mediocampista,0,0
18062,24-25,19,Atlético,Osasuna,Atlético,1,Riquelme,Mediocampista,0,0
18062,24-25,19,Atlético,Osasuna,Atlético,1,Samuel Lino,Mediocampista,2,1
18062,24-25,19,Atlético,Osasuna,Atlético,1,Correa,Delantero,1,0
18062,24-25,19,Atlético,Osasuna,Atlético,1,Sörloth,Delantero,0,0
18062,24-25,19,Atlético,Osasuna,Osasuna,0,Herrera,Portero,7,2
18062,24-25,19,Atlético,Osasuna,Osasuna,0,Rubén Peña,Defensa,2,1
18062,24-25,19,Atlético,Osasuna,Osasuna,0,Catena,Defensa,6,2
18062,24-25,19,Atlético,Osasuna,Osasuna,0,Herrando,Defensa,2,1
18062,24-25,19,Atlético,Osasuna,Osasuna,0,Boyomo,Defensa,3,2
18062,24-25,19,Atlético,Osasuna,Osasuna,0,Bretones,Mediocampista,4,2
18062,24-25,19,Atlético,Osasuna,Osasuna,0,Rubén G.,Mediocampista,3,0
18062,24-25,19,Atlético,Osasuna,Osasuna,0,Moi Gómez,Mediocampista,6,3
18062,24-25,19,Atlético,Osasuna,Osasuna,0,Torró,Mediocampista,6,2
18062,24-25,19,Atlético,Osasuna,Osasuna,0,Ibáñez,Mediocampista,3,1
18062,24-25,19,Atlético,Osasuna,Osasuna,0,Raúl García,Delantero,3,1
18062,24-25,19,Atlético,Osasuna,Osasuna,0,Aitor,Portero,0,0
18062,24-25,19,Atlético,Osasuna,Osasuna,0,Stamatakis,Portero,0,0
18062,24-25,19,Atlético,Osasuna,Osasuna,0,Unai García,Defensa,0,0
18062,24-25,19,Atlético,Osasuna,Osasuna,0,Nacho Vidal,Defensa,0,0
18062,24-25,19,Atlético,Osasuna,Osasuna,0,Juan Cruz,Defensa,0,0
18062,24-25,19,Atlético,Osasuna,Osasuna,0,Areso,Defensa,3,2
18062,24-25,19,Atlético,Osasuna,Osasuna,0,Kike Barja,Delantero,0,0
18062,24-25,19,Atlético,Osasuna,Osasuna,0,Oroz,Mediocampista,2,1
18062,24-25,19,Atlético,Osasuna,Osasuna,0,Moncayola,Mediocampista,4,2
18062,24-25,19,Atlético,Osasuna,Osasuna,0,Arnáiz,Delantero,2,1
18062,24-25,19,Atlético,Osasuna,Osasuna,0,Budimir,Delantero,2,1
18068,24-25,19,Real Sociedad,Villarreal,Real Sociedad,1,Remiro,Portero,13,4
18068,24-25,19,Real Sociedad,Villarreal,Real Sociedad,1,Aritz,Defensa,8,2
18068,24-25,19,Real Sociedad,Villarreal,Real Sociedad,1,Aihen,Defensa,6,1
18068,24-25,19,Real Sociedad,Villarreal,Real Sociedad,1,Aguerd,Defensa,8,2
18068,24-25,19,Real Sociedad,Villarreal,Real Sociedad,1,Aramburu,Defensa,5,1
18068,24-25,19,Real Sociedad,Villarreal,Real Sociedad,1,Brais,Mediocampista,3,0
18068,24-25,19,Real Sociedad,Villarreal,Real Sociedad,1,Sergio Gómez,Delantero,4,1
18068,24-25,19,Real Sociedad,Villarreal,Real Sociedad,1,Zubimendi,Mediocampista,7,2
18068,24-25,19,Real Sociedad,Villarreal,Real Sociedad,1,Kubo,Mediocampista,14,4
18068,24-25,19,Real Sociedad,Villarreal,Real Sociedad,1,Sucic,Mediocampista,7,2
18068,24-25,19,Real Sociedad,Villarreal,Real Sociedad,1,Oyarzabal,Delantero,10,3
18068,24-25,19,Real Sociedad,Villarreal,Real Sociedad,1,Marrero,Portero,0,0
18068,24-25,19,Real Sociedad,Villarreal,Real Sociedad,1,Fraga,Portero,0,0
18068,24-25,19,Real Sociedad,Villarreal,Real Sociedad,1,Pacheco,Defensa,2,1
18068,24-25,19,Real Sociedad,Villarreal,Real Sociedad,1,Javi López,Defensa,0,0
18068,24-25,19,Real Sociedad,Villarreal,Real Sociedad,1,Jon Martín,Defensa,0,0
18068,24-25,19,Real Sociedad,Villarreal,Real Sociedad,1,Barrenetxea,Mediocampista,1,0
18068,24-25,19,Real Sociedad,Villarreal,Real Sociedad,1,Urko,Defensa,0,0
18068,24-25,19,Real Sociedad,Villarreal,Real Sociedad,1,Turrientes,Mediocampista,0,0
18068,24-25,19,Real Sociedad,Villarreal,Real Sociedad,1,Olasagasti,Mediocampista,2,1
18068,24-25,19,Real Sociedad,Villarreal,Real Sociedad,1,Zakharyan,Mediocampista,0,0
18068,24-25,19,Real Sociedad,Villarreal,Real Sociedad,1,Marín,Mediocampista,2,1
18068,24-25,19,Real Sociedad,Villarreal,Real Sociedad,1,Óskarsson,Delantero,2,1
18068,24-25,19,Real Sociedad,Villarreal,Villarreal,0,Luiz Junior,Portero,5,2
18068,24-25,19,Real Sociedad,Villarreal,Villarreal,0,Femenia,Defensa,5,2
18068,24-25,19,Real Sociedad,Villarreal,Villarreal,0,Foyth,Defensa,5,1
18068,24-25,19,Real Sociedad,Villarreal,Villarreal,0,S. Cardona,Defensa,4,2
18068,24-25,19,Real Sociedad,Villarreal,Villarreal,0,Kambwala,Defensa,5,2
18068,24-25,19,Real Sociedad,Villarreal,Villarreal,0,Parejo,Mediocampista,4,2
18068,24-25,19,Real Sociedad,Villarreal,Villarreal,0,Denis Suárez,Mediocampista,4,1
18068,24-25,19,Real Sociedad,Villarreal,Villarreal,0,Comesaña,Mediocampista,3,1
18068,24-25,19,Real Sociedad,Villarreal,Villarreal,0,Baena,Mediocampista,1,1
18068,24-25,19,Real Sociedad,Villarreal,Villarreal,0,P. Gueye,Mediocampista,6,3
18068,24-25,19,Real Sociedad,Villarreal,Villarreal,0,Barry,Delantero,5,2
18068,24-25,19,Real Sociedad,Villarreal,Villarreal,0,Rubén Gómez,Portero,0,0
18068,24-25,19,Real Sociedad,Villarreal,Villarreal,0,Albiol,Defensa,0,0
18068,24-25,19,Real Sociedad,Villarreal,Villarreal,0,Bernat,Defensa,0,0
18068,24-25,19,Real Sociedad,Villarreal,Villarreal,0,Bailly,Defensa,0,0
18068,24-25,19,Real Sociedad,Villarreal,Villarreal,0,Costa,Defensa,0,0
18068,24-25,19,Real Sociedad,Villarreal,Villarreal,0,Pau Navarro,Defensa,0,0
18068,24-25,19,Real Sociedad,Villarreal,Villarreal,0,Ojeda,Mediocampista,0,0
18068,24-25,19,Real Sociedad,Villarreal,Villarreal,0,Gerard,Delantero,5,3
18068,24-25,19,Real Sociedad,Villarreal,Villarreal,0,Etta Eyong,Mediocampista,0,0
18068,24-25,19,Real Sociedad,Villarreal,Villarreal,0,Cabanes,Delantero,2,1
